-- phpMyAdmin SQL Dump
-- version 4.8.4
-- https://www.phpmyadmin.net/
--
-- Host: 127.0.0.1
-- Generation Time: Jan 22, 2019 at 04:05 PM
-- Server version: 10.1.37-MariaDB
-- PHP Version: 7.3.0

SET SQL_MODE = "NO_AUTO_VALUE_ON_ZERO";
SET AUTOCOMMIT = 0;
START TRANSACTION;
SET time_zone = "+00:00";


/*!40101 SET @OLD_CHARACTER_SET_CLIENT=@@CHARACTER_SET_CLIENT */;
/*!40101 SET @OLD_CHARACTER_SET_RESULTS=@@CHARACTER_SET_RESULTS */;
/*!40101 SET @OLD_COLLATION_CONNECTION=@@COLLATION_CONNECTION */;
/*!40101 SET NAMES utf8mb4 */;

--
-- Database: `prodata_room`
--

-- --------------------------------------------------------

--
-- Table structure for table `action_type`
--

CREATE TABLE `action_type` (
  `id` int(10) UNSIGNED NOT NULL,
  `action` varchar(191) COLLATE utf8mb4_unicode_ci NOT NULL,
  `created_at` timestamp NULL DEFAULT NULL,
  `updated_at` timestamp NULL DEFAULT NULL
) ENGINE=InnoDB DEFAULT CHARSET=utf8mb4 COLLATE=utf8mb4_unicode_ci;

--
-- Dumping data for table `action_type`
--

INSERT INTO `action_type` (`id`, `action`, `created_at`, `updated_at`) VALUES
(1, 'Folder creation', '2018-11-19 18:30:00', '2018-11-19 18:30:00'),
(2, 'File uploading', '2019-01-02 18:30:00', '2019-01-02 18:30:00'),
(3, 'Folder rename', '2018-11-19 18:30:00', '2018-11-19 18:30:00'),
(4, 'File rename', '2019-01-02 18:30:00', '2019-01-02 18:30:00'),
(5, 'Folder deletion', '2019-01-02 18:30:00', '2019-01-02 18:30:00'),
(6, 'File deletion', '2019-01-02 18:30:00', '2019-01-02 18:30:00'),
(7, 'File viewing', NULL, NULL),
(8, 'PDF downloading', NULL, NULL),
(9, 'Folder restoring', NULL, NULL),
(10, 'File restoring', NULL, NULL),
(11, 'File moving', NULL, NULL),
(12, 'Copy Folder', NULL, NULL),
(13, 'Copy File', NULL, NULL),
(14, 'Room creation', NULL, NULL),
(15, 'Searching', NULL, NULL),
(16, 'File permission applying', NULL, NULL),
(17, 'Folder permission applying', NULL, NULL),
(18, 'Question deletion', NULL, NULL),
(19, 'Group deletion', NULL, NULL),
(20, 'User invitation', NULL, NULL),
(21, 'User deletion', NULL, NULL),
(22, 'User group editing', NULL, NULL),
(23, 'Creating Q&A question', NULL, NULL),
(24, 'Report viewing', NULL, NULL),
(25, 'Folder downloading', NULL, NULL),
(26, 'File downloading', NULL, NULL),
(27, 'zip Extracting', NULL, NULL);

-- --------------------------------------------------------

--
-- Table structure for table `collaboration_with_group`
--

CREATE TABLE `collaboration_with_group` (
  `id` int(10) UNSIGNED NOT NULL,
  `group_id` varchar(191) COLLATE utf8mb4_unicode_ci NOT NULL,
  `project_id` varchar(191) COLLATE utf8mb4_unicode_ci NOT NULL,
  `collaboration_group_id` varchar(191) COLLATE utf8mb4_unicode_ci NOT NULL,
  `created_at` timestamp NULL DEFAULT NULL,
  `updated_at` timestamp NULL DEFAULT NULL
) ENGINE=InnoDB DEFAULT CHARSET=utf8mb4 COLLATE=utf8mb4_unicode_ci;

--
-- Dumping data for table `collaboration_with_group`
--

INSERT INTO `collaboration_with_group` (`id`, `group_id`, `project_id`, `collaboration_group_id`, `created_at`, `updated_at`) VALUES
(2, '9', '1', '9', '2018-12-29 08:50:52', '2018-12-29 08:50:52'),
(3, '10', '1', '10', '2018-12-29 21:57:16', '2018-12-29 21:57:16'),
(4, '11', '1', '11', '2019-01-02 02:26:47', '2019-01-02 02:26:47'),
(5, '12', '1', '12', '2019-01-02 02:30:04', '2019-01-02 02:30:04'),
(6, '13', '1', '13', '2019-01-02 02:34:28', '2019-01-02 02:34:28'),
(7, '14', '1', '14', '2019-01-02 05:15:29', '2019-01-02 05:15:29'),
(8, '1', '1', '15', '2019-01-02 07:57:04', '2019-01-02 07:57:04'),
(9, '12', '1', '15', '2019-01-02 07:57:04', '2019-01-02 07:57:04'),
(10, '14', '1', '15', '2019-01-02 07:57:04', '2019-01-02 07:57:04'),
(11, '15', '1', '15', '2019-01-02 07:57:04', '2019-01-02 07:57:04'),
(12, '26', '13', '26', '2019-01-04 00:59:05', '2019-01-04 00:59:05'),
(13, '34', '20', '34', '2019-01-04 06:16:43', '2019-01-04 06:16:43'),
(14, '35', '20', '35', '2019-01-04 08:01:20', '2019-01-04 08:01:20'),
(15, '36', '20', '36', '2019-01-04 08:01:37', '2019-01-04 08:01:37'),
(16, '37', '20', '37', '2019-01-04 08:02:00', '2019-01-04 08:02:00'),
(17, '38', '20', '38', '2019-01-04 08:02:31', '2019-01-04 08:02:31'),
(18, '39', '20', '39', '2019-01-04 08:18:16', '2019-01-04 08:18:16'),
(19, '40', '20', '40', '2019-01-04 08:18:27', '2019-01-04 08:18:27'),
(20, '41', '20', '41', '2019-01-04 08:27:33', '2019-01-04 08:27:33'),
(21, '42', '20', '42', '2019-01-06 23:57:37', '2019-01-06 23:57:37'),
(22, '37', '21', '37', '2019-01-08 00:31:51', '2019-01-08 00:31:51'),
(23, '38', '21', '38', '2019-01-09 01:16:28', '2019-01-09 01:16:28'),
(24, '39', '21', '39', '2019-01-09 02:17:02', '2019-01-09 02:17:02'),
(25, '40', '21', '40', '2019-01-09 02:19:24', '2019-01-09 02:19:24'),
(26, '41', '21', '41', '2019-01-09 02:37:27', '2019-01-09 02:37:27'),
(27, '42', '21', '42', '2019-01-09 03:51:52', '2019-01-09 03:51:52'),
(28, '43', '21', '43', '2019-01-09 04:39:27', '2019-01-09 04:39:27'),
(29, '44', '21', '44', '2019-01-09 06:32:11', '2019-01-09 06:32:11'),
(30, '45', '21', '45', '2019-01-09 06:56:17', '2019-01-09 06:56:17'),
(31, '46', '21', '46', '2019-01-09 07:17:17', '2019-01-09 07:17:17'),
(32, '47', '21', '47', '2019-01-09 07:23:42', '2019-01-09 07:23:42'),
(33, '48', '21', '48', '2019-01-09 07:24:59', '2019-01-09 07:24:59'),
(34, '49', '21', '49', '2019-01-09 07:27:50', '2019-01-09 07:27:50'),
(35, '50', '21', '50', '2019-01-09 07:29:35', '2019-01-09 07:29:35'),
(36, '51', '21', '51', '2019-01-09 07:35:06', '2019-01-09 07:35:06'),
(37, '52', '21', '52', '2019-01-09 07:37:05', '2019-01-09 07:37:05'),
(38, '53', '21', '53', '2019-01-09 07:39:38', '2019-01-09 07:39:38'),
(39, '54', '21', '54', '2019-01-09 07:39:58', '2019-01-09 07:39:58'),
(40, '55', '21', '55', '2019-01-09 07:45:59', '2019-01-09 07:45:59'),
(41, '56', '21', '56', '2019-01-09 07:47:15', '2019-01-09 07:47:15'),
(42, '57', '21', '57', '2019-01-09 07:48:55', '2019-01-09 07:48:55'),
(43, '58', '21', '58', '2019-01-09 07:50:30', '2019-01-09 07:50:30'),
(44, '59', '21', '59', '2019-01-09 07:55:03', '2019-01-09 07:55:03'),
(45, '60', '21', '60', '2019-01-09 07:57:45', '2019-01-09 07:57:45'),
(46, '61', '21', '61', '2019-01-09 08:00:04', '2019-01-09 08:00:04'),
(47, '62', '21', '62', '2019-01-09 08:01:46', '2019-01-09 08:01:46'),
(48, '63', '21', '63', '2019-01-09 08:04:32', '2019-01-09 08:04:32'),
(49, '64', '21', '64', '2019-01-09 08:53:16', '2019-01-09 08:53:16'),
(50, '77', '24', '77', '2019-01-10 03:58:08', '2019-01-10 03:58:08'),
(51, '78', '22', '78', '2019-01-10 06:55:46', '2019-01-10 06:55:46'),
(52, '79', '22', '79', '2019-01-10 06:56:03', '2019-01-10 06:56:03'),
(53, '85', '42', '85', '2019-01-14 04:14:29', '2019-01-14 04:14:29'),
(55, '45', '42', '86', '2019-01-14 08:49:51', '2019-01-14 08:49:51'),
(56, '85', '42', '86', '2019-01-14 08:49:51', '2019-01-14 08:49:51'),
(58, '84', '42', '86', '2019-01-14 09:18:39', '2019-01-14 09:18:39'),
(59, '85', '42', '86', '2019-01-14 09:18:39', '2019-01-14 09:18:39'),
(61, '45', '42', '86', '2019-01-14 09:19:16', '2019-01-14 09:19:16'),
(62, '85', '42', '86', '2019-01-14 09:19:16', '2019-01-14 09:19:16'),
(64, '45', '42', '86', '2019-01-14 09:19:33', '2019-01-14 09:19:33'),
(65, '85', '42', '86', '2019-01-14 09:19:33', '2019-01-14 09:19:33'),
(67, '45', '42', '86', '2019-01-14 09:20:11', '2019-01-14 09:20:11'),
(68, '85', '42', '86', '2019-01-14 09:20:11', '2019-01-14 09:20:11'),
(70, '87', '42', '87', '2019-01-15 02:08:15', '2019-01-15 02:08:15'),
(71, '91', '46', '92', '2019-01-16 00:38:49', '2019-01-16 00:38:49'),
(73, '92', '46', '92', '2019-01-16 00:40:47', '2019-01-16 00:40:47'),
(74, '93', '46', '93', '2019-01-16 00:52:25', '2019-01-16 00:52:25'),
(75, '94', '46', '94', '2019-01-16 00:53:43', '2019-01-16 00:53:43'),
(76, '95', '46', '95', '2019-01-16 00:55:24', '2019-01-16 00:55:24'),
(77, '96', '46', '96', '2019-01-16 00:56:36', '2019-01-16 00:56:36'),
(78, '99', '48', '99', '2019-01-16 01:19:07', '2019-01-16 01:19:07'),
(79, '98', '48', '100', '2019-01-16 01:23:12', '2019-01-16 01:23:12'),
(80, '100', '48', '100', '2019-01-16 01:23:12', '2019-01-16 01:23:12'),
(81, '101', '48', '101', '2019-01-16 01:24:56', '2019-01-16 01:24:56'),
(82, '102', '48', '102', '2019-01-16 01:26:16', '2019-01-16 01:26:16'),
(83, '103', '48', '103', '2019-01-16 01:33:58', '2019-01-16 01:33:58'),
(84, '104', '48', '104', '2019-01-16 01:38:50', '2019-01-16 01:38:50'),
(85, '105', '48', '105', '2019-01-16 01:42:53', '2019-01-16 01:42:53'),
(86, '106', '48', '106', '2019-01-16 01:43:42', '2019-01-16 01:43:42'),
(87, '107', '48', '107', '2019-01-16 01:47:24', '2019-01-16 01:47:24'),
(88, '108', '48', '108', '2019-01-16 01:48:10', '2019-01-16 01:48:10'),
(89, '109', '48', '109', '2019-01-16 01:49:26', '2019-01-16 01:49:26'),
(90, '110', '48', '110', '2019-01-16 01:51:06', '2019-01-16 01:51:06'),
(91, '111', '48', '111', '2019-01-16 02:07:16', '2019-01-16 02:07:16'),
(92, '112', '48', '112', '2019-01-16 02:11:15', '2019-01-16 02:11:15'),
(93, '113', '48', '113', '2019-01-16 02:19:55', '2019-01-16 02:19:55'),
(94, '114', '48', '114', '2019-01-16 02:26:04', '2019-01-16 02:26:04'),
(95, '45', '48', '115', '2019-01-16 02:27:14', '2019-01-16 02:27:14'),
(96, '86', '48', '115', '2019-01-16 02:27:14', '2019-01-16 02:27:14'),
(97, '115', '48', '115', '2019-01-16 02:27:14', '2019-01-16 02:27:14'),
(98, '116', '48', '116', '2019-01-16 02:28:00', '2019-01-16 02:28:00'),
(99, '117', '48', '117', '2019-01-16 02:28:46', '2019-01-16 02:28:46'),
(100, '118', '48', '118', '2019-01-16 02:33:45', '2019-01-16 02:33:45'),
(101, '119', '48', '119', '2019-01-16 02:35:06', '2019-01-16 02:35:06'),
(102, '120', '48', '120', '2019-01-16 02:35:25', '2019-01-16 02:35:25'),
(103, '121', '48', '121', '2019-01-16 02:37:09', '2019-01-16 02:37:09'),
(104, '122', '48', '122', '2019-01-16 02:37:45', '2019-01-16 02:37:45'),
(105, '123', '48', '123', '2019-01-16 02:42:27', '2019-01-16 02:42:27'),
(106, '124', '48', '124', '2019-01-16 02:42:47', '2019-01-16 02:42:47'),
(107, '125', '48', '125', '2019-01-16 02:44:36', '2019-01-16 02:44:36'),
(108, '126', '48', '126', '2019-01-16 02:44:51', '2019-01-16 02:44:51'),
(109, '127', '48', '127', '2019-01-16 02:45:36', '2019-01-16 02:45:36'),
(110, '128', '48', '128', '2019-01-16 02:46:54', '2019-01-16 02:46:54'),
(111, '129', '48', '129', '2019-01-16 02:47:42', '2019-01-16 02:47:42'),
(112, '130', '48', '130', '2019-01-16 02:49:12', '2019-01-16 02:49:12'),
(113, '131', '48', '131', '2019-01-16 02:50:02', '2019-01-16 02:50:02'),
(114, '132', '48', '132', '2019-01-16 02:51:35', '2019-01-16 02:51:35'),
(115, '133', '48', '133', '2019-01-16 02:55:07', '2019-01-16 02:55:07'),
(116, '134', '48', '134', '2019-01-16 02:55:46', '2019-01-16 02:55:46'),
(117, '135', '48', '135', '2019-01-16 03:47:09', '2019-01-16 03:47:09'),
(118, '136', '48', '136', '2019-01-16 03:48:25', '2019-01-16 03:48:25'),
(119, '137', '48', '137', '2019-01-16 03:49:23', '2019-01-16 03:49:23'),
(120, '138', '48', '138', '2019-01-16 03:50:07', '2019-01-16 03:50:07'),
(121, '139', '48', '139', '2019-01-16 03:51:11', '2019-01-16 03:51:11'),
(122, '140', '48', '140', '2019-01-16 03:51:39', '2019-01-16 03:51:39'),
(123, '141', '48', '141', '2019-01-16 03:54:56', '2019-01-16 03:54:56'),
(124, '142', '48', '142', '2019-01-16 03:55:34', '2019-01-16 03:55:34'),
(125, '143', '48', '143', '2019-01-16 03:57:08', '2019-01-16 03:57:08'),
(126, '144', '48', '144', '2019-01-16 04:00:57', '2019-01-16 04:00:57'),
(127, '145', '48', '145', '2019-01-16 04:07:53', '2019-01-16 04:07:53'),
(128, '146', '48', '146', '2019-01-16 04:08:43', '2019-01-16 04:08:43'),
(129, '147', '48', '147', '2019-01-16 04:12:11', '2019-01-16 04:12:11'),
(130, '148', '48', '148', '2019-01-16 04:12:30', '2019-01-16 04:12:30'),
(131, '149', '48', '149', '2019-01-16 04:15:21', '2019-01-16 04:15:21'),
(132, '150', '48', '150', '2019-01-16 04:16:51', '2019-01-16 04:16:51'),
(133, '151', '48', '151', '2019-01-16 04:18:06', '2019-01-16 04:18:06'),
(134, '152', '48', '152', '2019-01-16 04:22:53', '2019-01-16 04:22:53'),
(135, '153', '48', '153', '2019-01-16 04:23:19', '2019-01-16 04:23:19'),
(136, '154', '48', '154', '2019-01-16 04:27:17', '2019-01-16 04:27:17'),
(137, '155', '48', '155', '2019-01-16 05:27:07', '2019-01-16 05:27:07'),
(138, '156', '48', '156', '2019-01-16 08:08:45', '2019-01-16 08:08:45'),
(139, '157', '48', '157', '2019-01-16 08:09:06', '2019-01-16 08:09:06'),
(140, '158', '48', '158', '2019-01-16 09:08:08', '2019-01-16 09:08:08'),
(141, '159', '48', '159', '2019-01-16 09:09:45', '2019-01-16 09:09:45'),
(142, '160', '48', '160', '2019-01-16 09:13:12', '2019-01-16 09:13:12'),
(143, '161', '48', '161', '2019-01-16 09:15:19', '2019-01-16 09:15:19'),
(144, '162', '43', '162', '2019-01-16 23:35:40', '2019-01-16 23:35:40'),
(145, '163', '48', '163', '2019-01-17 00:56:27', '2019-01-17 00:56:27'),
(146, '164', '48', '164', '2019-01-17 05:50:03', '2019-01-17 05:50:03'),
(151, '171', '49', '171', '2019-01-18 01:42:06', '2019-01-18 01:42:06'),
(152, '172', '49', '172', '2019-01-18 01:42:40', '2019-01-18 01:42:40'),
(153, '174', '49', '174', '2019-01-18 02:52:22', '2019-01-18 02:52:22'),
(154, '175', '49', '175', '2019-01-18 02:53:32', '2019-01-18 02:53:32'),
(155, '176', '49', '176', '2019-01-18 02:54:19', '2019-01-18 02:54:19'),
(156, '177', '49', '177', '2019-01-18 03:00:39', '2019-01-18 03:00:39'),
(157, '178', '49', '178', '2019-01-18 08:07:02', '2019-01-18 08:07:02'),
(158, '165', '49', '179', '2019-01-20 23:44:29', '2019-01-20 23:44:29'),
(159, '166', '49', '179', '2019-01-20 23:44:29', '2019-01-20 23:44:29'),
(160, '179', '49', '179', '2019-01-20 23:44:29', '2019-01-20 23:44:29'),
(161, '180', '49', '180', '2019-01-21 06:46:55', '2019-01-21 06:46:55'),
(162, '182', '50', '182', '2019-01-21 08:10:19', '2019-01-21 08:10:19'),
(163, '183', '50', '183', '2019-01-21 08:10:57', '2019-01-21 08:10:57'),
(164, '181', '50', '185', '2019-01-21 08:11:58', '2019-01-21 08:11:58'),
(165, '182', '50', '185', '2019-01-21 08:11:58', '2019-01-21 08:11:58'),
(166, '183', '50', '185', '2019-01-21 08:11:58', '2019-01-21 08:11:58'),
(167, '184', '50', '185', '2019-01-21 08:11:58', '2019-01-21 08:11:58'),
(168, '185', '50', '185', '2019-01-21 08:11:58', '2019-01-21 08:11:58');

-- --------------------------------------------------------

--
-- Table structure for table `delete_documents`
--

CREATE TABLE `delete_documents` (
  `id` int(10) UNSIGNED NOT NULL,
  `deleted_file` varchar(191) COLLATE utf8mb4_unicode_ci NOT NULL,
  `deleted_folder` varchar(191) COLLATE utf8mb4_unicode_ci NOT NULL,
  `project_id` varchar(191) COLLATE utf8mb4_unicode_ci NOT NULL,
  `deleted_from` varchar(191) COLLATE utf8mb4_unicode_ci NOT NULL,
  `document_status` varchar(191) COLLATE utf8mb4_unicode_ci NOT NULL,
  `deleted_by` varchar(191) COLLATE utf8mb4_unicode_ci NOT NULL,
  `restored_by` varchar(191) COLLATE utf8mb4_unicode_ci NOT NULL,
  `deleted_time` varchar(191) COLLATE utf8mb4_unicode_ci NOT NULL,
  `restored_time` varchar(191) COLLATE utf8mb4_unicode_ci NOT NULL,
  `created_at` timestamp NULL DEFAULT NULL,
  `updated_at` timestamp NULL DEFAULT NULL
) ENGINE=InnoDB DEFAULT CHARSET=utf8mb4 COLLATE=utf8mb4_unicode_ci;

--
-- Dumping data for table `delete_documents`
--

INSERT INTO `delete_documents` (`id`, `deleted_file`, `deleted_folder`, `project_id`, `deleted_from`, `document_status`, `deleted_by`, `restored_by`, `deleted_time`, `restored_time`, `created_at`, `updated_at`) VALUES
(27, '1547205394.Hydrangeas.jpg', '', '40', 'public/documents/6/pp/Hydrangeas.jpg', '0', '6', '0', '1547205394', '0', '2019-01-11 05:46:34', '2019-01-11 05:46:34'),
(28, '1547205447.Hydrangeas.jpg', '', '40', 'public/documents/6/pp/Hydrangeas.jpg', '0', '6', '0', '1547205447', '0', '2019-01-11 05:47:27', '2019-01-11 05:47:27'),
(29, '1547206071.Hydrangeas.jpg', '', '40', 'public/documents/6/pp/file/Hydrangeas.jpg', '0', '6', '0', '1547206071', '0', '2019-01-11 05:57:51', '2019-01-11 05:57:51'),
(39, '1547213885.Koala.jpg', '', '42', 'public/documents/6/ds/klklk/Koala.jpg', '0', '6', '0', '1547213885', '0', '2019-01-11 08:08:06', '2019-01-11 08:08:06'),
(40, '', '1547214058.klklk', '42', 'public/documents/6/ds/klklk', '1', '6', '0', '11 January 2019 13:40:58', '0', '2019-01-11 08:10:58', '2019-01-11 08:10:58'),
(41, '1547214059.Koala.jpg', '', '42', 'public/documents/6/ds/Koala.jpg', '0', '6', '0', '1547214059', '0', '2019-01-11 08:10:59', '2019-01-11 08:10:59'),
(42, '1547214281.pk.jpg', '', '42', 'public/documents/6/ds/rtr/pk.jpg', '0', '6', '0', '1547214281', '0', '2019-01-11 08:14:41', '2019-01-11 08:14:41'),
(43, '1547214903.pk.jpg', '', '42', 'public/documents/6/ds/rtr/pk.jpg', '0', '6', '0', '1547214903', '0', '2019-01-11 08:25:03', '2019-01-11 08:25:03'),
(44, '1547215061.pk.jpg', '', '42', 'public/documents/6/ds/rtr/pk.jpg', '0', '6', '0', '1547215061', '0', '2019-01-11 08:27:41', '2019-01-11 08:27:41'),
(45, '1547215343.pk.jpg', '', '42', 'public/documents/6/ds/rtr/pk.jpg', '0', '6', '0', '1547215343', '0', '2019-01-11 08:32:23', '2019-01-11 08:32:23'),
(46, '1547215456.pk.jpg', '', '42', 'public/documents/6/ds/rtr/pk.jpg', '0', '6', '0', '1547215456', '0', '2019-01-11 08:34:16', '2019-01-11 08:34:16'),
(47, '1547215526.pk.jpg', '', '42', 'public/documents/6/ds/rtr/pk.jpg', '0', '6', '0', '1547215526', '0', '2019-01-11 08:35:27', '2019-01-11 08:35:27'),
(48, '', '1547215554.sgfdg', '42', 'public/documents/6/ds/ghgh/sgfdg', '1', '6', '0', '11 January 2019 14:05:54', '0', '2019-01-11 08:35:54', '2019-01-11 08:35:54'),
(49, '', '1547215733.ghgh', '42', 'public/documents/6/ds/ghgh', '1', '6', '0', '11 January 2019 14:08:53', '0', '2019-01-11 08:38:53', '2019-01-11 08:38:53'),
(50, '', '1547215733.rtr', '42', 'public/documents/6/ds/rtr', '1', '6', '0', '11 January 2019 14:08:53', '0', '2019-01-11 08:38:53', '2019-01-11 08:38:53'),
(51, '', '1547215733.erewr', '42', 'public/documents/6/ds/erewr', '1', '6', '0', '11 January 2019 14:08:53', '0', '2019-01-11 08:38:54', '2019-01-11 08:38:54'),
(52, '1547216243.23435247_2432922723599808_1020779383713976432_n.jpg', '', '42', 'public/documents/6/ds/sd/23435247_2432922723599808_1020779383713976432_n.jpg', '0', '6', '0', '1547216243', '0', '2019-01-11 08:47:23', '2019-01-11 08:47:23'),
(53, '1547216274.23435247_2432922723599808_1020779383713976432_n.jpg', '', '42', 'public/documents/6/ds/sd/23435247_2432922723599808_1020779383713976432_n.jpg', '0', '6', '0', '1547216274', '0', '2019-01-11 08:47:54', '2019-01-11 08:47:54'),
(54, '', '1547618723.8585', '45', 'public/documents/8/prodataroom/8585', '1', '8', '0', '16 January 2019 06:05:23', '0', '2019-01-16 00:35:23', '2019-01-16 00:35:23');

-- --------------------------------------------------------

--
-- Table structure for table `documents`
--

CREATE TABLE `documents` (
  `id` int(10) UNSIGNED NOT NULL,
  `doc_index` bigint(191) NOT NULL,
  `project_id` varchar(191) COLLATE utf8mb4_unicode_ci NOT NULL,
  `document_name` varchar(191) COLLATE utf8mb4_unicode_ci NOT NULL,
  `path` varchar(191) COLLATE utf8mb4_unicode_ci NOT NULL,
  `directory_url` varchar(191) COLLATE utf8mb4_unicode_ci NOT NULL,
  `document_status` varchar(191) COLLATE utf8mb4_unicode_ci NOT NULL,
  `type` varchar(191) COLLATE utf8mb4_unicode_ci NOT NULL,
  `deleted_at` varchar(191) COLLATE utf8mb4_unicode_ci NOT NULL,
  `restored_at` varchar(191) COLLATE utf8mb4_unicode_ci NOT NULL,
  `uploaded_by` varchar(191) COLLATE utf8mb4_unicode_ci NOT NULL,
  `updated_by` varchar(191) COLLATE utf8mb4_unicode_ci NOT NULL,
  `deleted_by` varchar(191) COLLATE utf8mb4_unicode_ci NOT NULL,
  `restored_by` varchar(191) COLLATE utf8mb4_unicode_ci NOT NULL,
  `created_at` timestamp NULL DEFAULT NULL,
  `updated_at` timestamp NULL DEFAULT NULL
) ENGINE=InnoDB DEFAULT CHARSET=utf8mb4 COLLATE=utf8mb4_unicode_ci;

--
-- Dumping data for table `documents`
--

INSERT INTO `documents` (`id`, `doc_index`, `project_id`, `document_name`, `path`, `directory_url`, `document_status`, `type`, `deleted_at`, `restored_at`, `uploaded_by`, `updated_by`, `deleted_by`, `restored_by`, `created_at`, `updated_at`) VALUES
(1, 0, '42', 'ds', 'public/documents/6/ds', '', '', '', '', '', '6', '6', '', '', '2019-01-11 06:05:57', '2019-01-11 06:05:57'),
(33, 1, '42', 'pk.jpg', 'public/documents/6/ds/rtr/pk.jpg', 'public/documents/6/ds/rtr', '0', 'jpg', '1547215733', '0', '6', '6', '1', '0', '2019-01-11 08:35:30', '2019-01-11 08:38:53'),
(35, 1, '42', 'Renewal-Project-Scoring-Rubric.pdf', 'public/documents/6/ds/ghgh/sgfdg/Renewal-Project-Scoring-Rubric.pdf', 'public/documents/6/ds/ghgh/sgfdg', '0', 'pdf', '1547215733', '0', '6', '6', '1', '0', '2019-01-11 08:35:46', '2019-01-11 08:38:53'),
(39, 3, '42', 'retr', 'public/documents/6/ds/rtr/retr', 'public/documents/6/ds/rtr', '1', '', '1547215733', '0', '6', '6', '1', '0', '2019-01-11 08:36:14', '2019-01-11 08:38:53'),
(40, 1, '42', 'WTA.jpg', 'public/documents/6/ds/rtr/retr/WTA.jpg', 'public/documents/6/ds/rtr/retr', '0', 'jpg', '1547215733', '0', '6', '6', '1', '0', '2019-01-11 08:36:42', '2019-01-11 08:38:53'),
(41, 1, '42', 'erewr', 'public/documents/6/ds/ghgh/erewr', 'public/documents/6/ds/ghgh', '1', '', '1547215733', '0', '6', '6', '1', '0', '2019-01-11 08:36:54', '2019-01-11 08:38:53'),
(42, 1, '42', 'Jellyfish.jpg', 'public/documents/6/ds/ghgh/erewr/Jellyfish.jpg', 'public/documents/6/ds/ghgh/erewr', '0', 'jpg', '1547215733', '0', '6', '6', '1', '0', '2019-01-11 08:37:01', '2019-01-11 08:38:53'),
(43, 1, '42', 'sd', 'public/documents/6/ds/sd', 'public/documents/6/ds', '1', '', '0', '0', '6', '6', '0', '0', '2019-01-11 08:39:07', '2019-01-11 08:39:07'),
(45, 3, '42', '23472921_2432921626933251_6927968673432051824_n.jpg', 'public/documents/6/ds/23472921_2432921626933251_6927968673432051824_n.jpg', 'public/documents/6/ds', '0', 'jpg', '0', '0', '6', '6', '0', '0', '2019-01-11 08:46:09', '2019-01-11 08:46:09'),
(46, 4, '42', 'pk.jpg', 'public/documents/6/ds/pk.jpg', 'public/documents/6/ds', '0', 'jpg', '0', '0', '6', '6', '0', '0', '2019-01-11 08:46:09', '2019-01-11 08:46:09'),
(51, 1, '42', '23435247_2432922723599808_1020779383713976432_n.jpg', 'public/documents/6/ds/sd/23435247_2432922723599808_1020779383713976432_n.jpg', 'public/documents/6/ds/sd', '0', 'jpg', '0', '0', '6', '6', '0', '0', '2019-01-11 08:48:09', '2019-01-11 08:48:09'),
(52, 5, '42', 'file', 'public/documents/6/ds/file', 'public/documents/6/ds', '1', '', '0', '0', '6', '6', '0', '0', '2019-01-13 23:28:18', '2019-01-13 23:28:18'),
(53, 6, '42', 'child-file', 'public/documents/6/ds/child-file', 'public/documents/6/ds', '1', '', '0', '0', '6', '6', '0', '0', '2019-01-13 23:33:46', '2019-01-13 23:33:46'),
(54, 7, '42', 'child_file', 'public/documents/6/ds/child_file', 'public/documents/6/ds', '1', '', '0', '0', '6', '6', '0', '0', '2019-01-13 23:35:08', '2019-01-13 23:35:08'),
(55, 8, '42', 'kimkjm_jjkj', 'public/documents/6/ds/kimkjm_jjkj', 'public/documents/6/ds', '1', '', '0', '0', '6', '6', '0', '0', '2019-01-13 23:35:43', '2019-01-13 23:35:43'),
(56, 9, '42', 'Koala.jpg', 'public/documents/6/ds/Koala.jpg', 'public/documents/6/ds', '0', 'jpg', '0', '0', '6', '6', '0', '0', '2019-01-14 02:39:11', '2019-01-14 02:39:11'),
(57, 10, '42', 'Jellyfish.jpg', 'public/documents/6/ds/Jellyfish.jpg', 'public/documents/6/ds', '0', 'jpg', '0', '0', '6', '6', '0', '0', '2019-01-14 02:44:57', '2019-01-14 02:44:57'),
(58, 1, '42', '599', 'public/documents/6/ds/child-file/599', 'public/documents/6/ds/child-file', '1', '', '0', '0', '6', '6', '0', '0', '2019-01-14 07:17:56', '2019-01-14 07:17:56'),
(59, 11, '42', '66', 'public/documents/6/ds/66', 'public/documents/6/ds', '1', '', '0', '0', '6', '6', '0', '0', '2019-01-14 23:09:55', '2019-01-14 23:09:55'),
(60, 0, '43', 'hjhjhj', 'public/documents/6/hjhjhj', '', '', '', '', '', '6', '6', '', '', '2019-01-15 02:11:00', '2019-01-15 02:11:00'),
(61, 1, '43', 'jjhj', 'public/documents/6/hjhjhj/jjhj', 'public/documents/6/hjhjhj', '1', '', '0', '0', '6', '6', '0', '0', '2019-01-15 02:11:04', '2019-01-15 02:11:04'),
(62, 2, '43', 'WTA.jpg', 'public/documents/6/hjhjhj/WTA.jpg', 'public/documents/6/hjhjhj', '0', 'jpg', '0', '0', '6', '6', '0', '0', '2019-01-15 02:11:10', '2019-01-15 02:11:10'),
(63, 3, '43', 'Koala.jpg', 'public/documents/6/hjhjhj/Koala.jpg', 'public/documents/6/hjhjhj', '0', 'jpg', '0', '0', '6', '6', '0', '0', '2019-01-15 02:11:16', '2019-01-15 02:11:16'),
(64, 4, '43', 'file', 'public/documents/6/hjhjhj/file', 'public/documents/6/hjhjhj', '1', '', '0', '0', '6', '6', '0', '0', '2019-01-15 02:11:36', '2019-01-15 02:11:36'),
(65, 1, '43', '23472921_2432921626933251_6927968673432051824_n.jpg', 'public/documents/6/hjhjhj/jjhj/23472921_2432921626933251_6927968673432051824_n.jpg', 'public/documents/6/hjhjhj/jjhj', '0', 'jpg', '0', '0', '6', '6', '0', '0', '2019-01-15 02:17:19', '2019-01-15 02:17:19'),
(71, 0, '44', 'dataroom', 'public/documents/8/dataroom', '', '', '', '', '', '8', '8', '', '', '2019-01-15 22:50:30', '2019-01-15 22:50:30'),
(74, 3, '44', 'file', 'public/documents/8/dataroom/file', 'public/documents/8/dataroom', '1', '', '0', '0', '8', '8', '0', '0', '2019-01-15 23:26:41', '2019-01-15 23:26:41'),
(75, 4, '44', 'sdds', 'public/documents/8/dataroom/sdds', 'public/documents/8/dataroom', '1', '', '0', '0', '8', '8', '0', '0', '2019-01-15 23:28:57', '2019-01-15 23:28:57'),
(84, 13, '44', 'fff_dd', 'public/documents/8/dataroom/fff_dd', 'public/documents/8/dataroom', '1', '', '0', '0', '8', '8', '0', '0', '2019-01-15 23:40:34', '2019-01-15 23:40:34'),
(86, 15, '44', 'fdgf_ddfdf', 'public/documents/8/dataroom/fdgf_ddfdf', 'public/documents/8/dataroom', '1', '', '0', '0', '8', '8', '0', '0', '2019-01-15 23:46:03', '2019-01-15 23:46:03'),
(87, 16, '44', 'child_file(2)', 'public/documents/8/dataroom/child_file(2)', 'public/documents/8/dataroom', '1', '', '0', '0', '8', '8', '0', '0', '2019-01-15 23:46:58', '2019-01-15 23:46:58'),
(88, 17, '44', 'ddsffds', 'public/documents/8/dataroom/ddsffds', 'public/documents/8/dataroom', '1', '', '0', '0', '8', '8', '0', '0', '2019-01-15 23:47:05', '2019-01-15 23:47:05'),
(89, 18, '44', 'sdsdf', 'public/documents/8/dataroom/sdsdf', 'public/documents/8/dataroom', '1', '', '0', '0', '8', '8', '0', '0', '2019-01-15 23:47:13', '2019-01-15 23:47:13'),
(90, 19, '44', 'dfgfdgdf', 'public/documents/8/dataroom/dfgfdgdf', 'public/documents/8/dataroom', '1', '', '0', '0', '8', '8', '0', '0', '2019-01-15 23:47:20', '2019-01-15 23:47:20'),
(91, 20, '44', 'sjjksjka', 'public/documents/8/dataroom/sjjksjka', 'public/documents/8/dataroom', '1', '', '0', '0', '8', '8', '0', '0', '2019-01-15 23:47:30', '2019-01-15 23:47:30'),
(92, 21, '44', 'dsfd', 'public/documents/8/dataroom/dsfd', 'public/documents/8/dataroom', '1', '', '0', '0', '8', '8', '0', '0', '2019-01-15 23:47:55', '2019-01-15 23:47:55'),
(93, 22, '44', 'sasdf', 'public/documents/8/dataroom/sasdf', 'public/documents/8/dataroom', '1', '', '0', '0', '8', '8', '0', '0', '2019-01-15 23:49:24', '2019-01-15 23:49:24'),
(110, 15, '45', 'gf-jksd', 'public/documents/8/prodataroom/gf-jksd', 'public/documents/8/prodataroom', '1', '', '0', '0', '8', '8', '0', '0', '2019-01-16 00:34:36', '2019-01-16 00:34:36'),
(111, 16, '45', 'child_file(3)', 'public/documents/8/prodataroom/child_file(3)', 'public/documents/8/prodataroom', '1', '', '0', '0', '8', '8', '0', '0', '2019-01-16 00:34:56', '2019-01-16 00:34:56'),
(112, 0, '46', 'prodataroom', 'public/documents/8/prodataroom', '', '', '', '', '', '8', '8', '', '', '2019-01-16 00:36:29', '2019-01-16 00:36:29'),
(113, 1, '46', 'Koala.jpg', 'public/documents/8/prodataroom/Koala.jpg', 'public/documents/8/prodataroom', '0', 'jpg', '0', '0', '8', '8', '0', '0', '2019-01-16 00:36:39', '2019-01-16 00:36:39'),
(114, 0, '47', 'prodataroom', 'public/documents/8/prodataroom', '', '', '', '', '', '8', '8', '', '', '2019-01-16 01:02:48', '2019-01-16 01:02:48'),
(115, 1, '47', 'kkkkk', 'public/documents/8/prodataroom/child_file(3)/kkkkk', 'public/documents/8/prodataroom/child_file(3)', '1', '', '0', '0', '8', '8', '0', '0', '2019-01-16 01:15:51', '2019-01-16 01:16:03'),
(116, 1, '47', 'dfgd', 'public/documents/8/prodataroom/dfgd', 'public/documents/8/prodataroom', '1', '', '0', '0', '8', '8', '0', '0', '2019-01-16 01:17:23', '2019-01-16 01:17:23'),
(117, 0, '48', 'uhiuhi', 'public/documents/8/uhiuhi', '', '', '', '', '', '8', '8', '', '', '2019-01-16 01:17:49', '2019-01-16 01:17:49'),
(118, 1, '48', 'WTA.jpg', 'public/documents/8/uhiuhi/WTA.jpg', 'public/documents/8/uhiuhi', '0', 'jpg', '0', '0', '8', '8', '0', '0', '2019-01-16 01:18:00', '2019-01-16 01:18:00'),
(119, 2, '48', 'file', 'public/documents/8/uhiuhi/file', 'public/documents/8/uhiuhi', '1', '', '0', '0', '8', '8', '0', '0', '2019-01-16 01:18:06', '2019-01-16 01:18:06'),
(120, 3, '48', 'zip.zip', 'public/documents/8/uhiuhi/zip.zip', 'public/documents/8/uhiuhi', '0', 'zip', '0', '0', '8', '8', '0', '0', '2019-01-16 05:12:36', '2019-01-16 05:12:36'),
(121, 4, '48', '23435247_2432922723599808_1020779383713976432_n.jpg', 'public/documents/8/uhiuhi/23435247_2432922723599808_1020779383713976432_n.jpg', 'public/documents/8/uhiuhi', '0', 'jpg', '0', '0', '8', '8', '0', '0', '2019-01-16 05:12:53', '2019-01-16 05:12:53'),
(122, 5, '48', '23472921_2432921626933251_6927968673432051824_n.jpg', 'public/documents/8/uhiuhi/23472921_2432921626933251_6927968673432051824_n.jpg', 'public/documents/8/uhiuhi', '0', 'jpg', '0', '0', '8', '8', '0', '0', '2019-01-16 05:12:53', '2019-01-16 05:12:53'),
(123, 6, '48', 'pk.jpg', 'public/documents/8/uhiuhi/pk.jpg', 'public/documents/8/uhiuhi', '0', 'jpg', '0', '0', '8', '8', '0', '0', '2019-01-16 05:12:53', '2019-01-16 05:12:53'),
(124, 7, '48', 'Renewal-Project-Scoring-Rubric.pdf', 'public/documents/8/uhiuhi/Renewal-Project-Scoring-Rubric.pdf', 'public/documents/8/uhiuhi', '0', 'pdf', '0', '0', '8', '8', '0', '0', '2019-01-16 05:12:54', '2019-01-16 05:12:54'),
(125, 8, '48', 'dgdg', 'public/documents/8/uhiuhi/dgdg', 'public/documents/8/uhiuhi', '1', '', '0', '0', '8', '8', '0', '0', '2019-01-16 05:13:24', '2019-01-16 05:13:24'),
(126, 9, '48', 'dfgd', 'public/documents/8/uhiuhi/dfgd', 'public/documents/8/uhiuhi', '1', '', '0', '0', '8', '8', '0', '0', '2019-01-16 05:13:28', '2019-01-16 05:13:28'),
(127, 10, '48', 'ghj', 'public/documents/8/uhiuhi/ghj', 'public/documents/8/uhiuhi', '1', '', '0', '0', '8', '8', '0', '0', '2019-01-16 05:13:33', '2019-01-16 05:13:33'),
(128, 0, '49', 'gh', 'public/documents/8/gh', '', '', '', '', '', '8', '8', '', '', '2019-01-17 06:28:40', '2019-01-17 06:28:40'),
(129, 1, '49', 'Koala.jpg', 'public/documents/8/gh/Koala.jpg', 'public/documents/8/gh', '0', 'jpg', '0', '0', '8', '8', '0', '0', '2019-01-18 08:09:32', '2019-01-18 08:09:32'),
(130, 2, '49', '23435247_2432922723599808_1020779383713976432_n.jpg', 'public/documents/8/gh/23435247_2432922723599808_1020779383713976432_n.jpg', 'public/documents/8/gh', '0', 'jpg', '0', '0', '8', '8', '0', '0', '2019-01-20 23:42:11', '2019-01-20 23:42:11'),
(131, 3, '49', '23472921_2432921626933251_6927968673432051824_n.jpg', 'public/documents/8/gh/23472921_2432921626933251_6927968673432051824_n.jpg', 'public/documents/8/gh', '0', 'jpg', '0', '0', '8', '8', '0', '0', '2019-01-20 23:42:12', '2019-01-20 23:42:12'),
(132, 4, '49', 'Jellyfish.jpg', 'public/documents/8/gh/Jellyfish.jpg', 'public/documents/8/gh', '0', 'jpg', '0', '0', '8', '8', '0', '0', '2019-01-20 23:42:12', '2019-01-20 23:42:12'),
(133, 5, '49', 'pk.jpg', 'public/documents/8/gh/pk.jpg', 'public/documents/8/gh', '0', 'jpg', '0', '0', '8', '8', '0', '0', '2019-01-20 23:42:13', '2019-01-20 23:42:13'),
(134, 6, '49', 'Renewal-Project-Scoring-Rubric.pdf', 'public/documents/8/gh/Renewal-Project-Scoring-Rubric.pdf', 'public/documents/8/gh', '0', 'pdf', '0', '0', '8', '8', '0', '0', '2019-01-20 23:42:13', '2019-01-20 23:42:13'),
(135, 7, '49', 'WTA.jpg', 'public/documents/8/gh/WTA.jpg', 'public/documents/8/gh', '0', 'jpg', '0', '0', '8', '8', '0', '0', '2019-01-20 23:42:14', '2019-01-20 23:42:14'),
(136, 8, '49', 'zip.zip', 'public/documents/8/gh/zip.zip', 'public/documents/8/gh', '0', 'zip', '0', '0', '8', '8', '0', '0', '2019-01-20 23:42:14', '2019-01-20 23:42:14'),
(137, 0, '50', 'contriz', 'public/documents/8/contriz', '', '', '', '', '', '8', '8', '', '', '2019-01-21 08:09:45', '2019-01-21 08:09:45');

-- --------------------------------------------------------

--
-- Table structure for table `document_permission`
--

CREATE TABLE `document_permission` (
  `id` int(10) UNSIGNED NOT NULL,
  `document_id` varchar(191) COLLATE utf8mb4_unicode_ci NOT NULL,
  `project_id` varchar(191) COLLATE utf8mb4_unicode_ci NOT NULL,
  `group_id` varchar(191) COLLATE utf8mb4_unicode_ci NOT NULL,
  `permission_id` varchar(191) COLLATE utf8mb4_unicode_ci NOT NULL,
  `created_by` varchar(191) COLLATE utf8mb4_unicode_ci NOT NULL,
  `updated_by` varchar(191) COLLATE utf8mb4_unicode_ci NOT NULL,
  `created_at` timestamp NULL DEFAULT NULL,
  `updated_at` timestamp NULL DEFAULT NULL
) ENGINE=InnoDB DEFAULT CHARSET=utf8mb4 COLLATE=utf8mb4_unicode_ci;

--
-- Dumping data for table `document_permission`
--

INSERT INTO `document_permission` (`id`, `document_id`, `project_id`, `group_id`, `permission_id`, `created_by`, `updated_by`, `created_at`, `updated_at`) VALUES
(20, '32', '20', '34', '4', '1', '1', '2019-01-04 06:30:38', '2019-01-04 06:30:38'),
(21, '33', '20', '34', '4', '1', '1', '2019-01-04 06:34:40', '2019-01-04 06:34:40'),
(22, '43', '20', '34', '4', '1', '1', '2019-01-04 06:41:32', '2019-01-04 06:41:32'),
(23, '44', '20', '34', '4', '1', '1', '2019-01-04 06:41:32', '2019-01-04 06:41:32'),
(24, '45', '20', '34', '4', '1', '1', '2019-01-04 06:41:33', '2019-01-04 06:41:33'),
(25, '46', '20', '34', '4', '1', '1', '2019-01-04 06:41:33', '2019-01-04 06:41:33'),
(26, '47', '20', '34', '4', '1', '1', '2019-01-04 06:41:33', '2019-01-04 06:41:33'),
(27, '48', '20', '34', '4', '1', '1', '2019-01-04 06:41:33', '2019-01-04 06:41:33'),
(28, '66', '20', '34', '4', '1', '1', '2019-01-04 06:44:29', '2019-01-04 06:44:29'),
(29, '67', '20', '34', '4', '1', '1', '2019-01-04 06:44:34', '2019-01-04 06:44:34'),
(30, '69', '20', '34', '4', '1', '1', '2019-01-04 06:49:46', '2019-01-04 06:49:46'),
(31, '72', '20', '34', '4', '1', '1', '2019-01-04 06:50:31', '2019-01-04 06:50:31'),
(32, '73', '20', '34', '4', '1', '1', '2019-01-04 06:50:37', '2019-01-04 06:50:37'),
(33, '74', '20', '34', '4', '1', '1', '2019-01-04 06:50:48', '2019-01-04 06:50:48'),
(34, '76', '20', '34', '4', '1', '1', '2019-01-04 06:57:59', '2019-01-04 06:57:59'),
(1239, '1', '20', '34', '3', '1', '1', '2019-01-07 05:22:58', '2019-01-07 05:22:58'),
(1240, '1', '20', '35', '3', '1', '1', '2019-01-07 05:22:58', '2019-01-07 05:22:58'),
(1241, '77', '20', '34', '3', '1', '1', '2019-01-07 05:22:58', '2019-01-07 05:22:58'),
(1242, '77', '20', '35', '3', '1', '1', '2019-01-07 05:22:58', '2019-01-07 05:22:58'),
(1243, '79', '20', '34', '3', '1', '1', '2019-01-07 05:22:58', '2019-01-07 05:22:58'),
(1244, '79', '20', '35', '3', '1', '1', '2019-01-07 05:22:58', '2019-01-07 05:22:58'),
(1245, '80', '20', '34', '3', '1', '1', '2019-01-07 05:22:58', '2019-01-07 05:22:58'),
(1246, '80', '20', '35', '3', '1', '1', '2019-01-07 05:22:58', '2019-01-07 05:22:58'),
(1247, '81', '20', '34', '3', '1', '1', '2019-01-07 05:22:58', '2019-01-07 05:22:58'),
(1248, '81', '20', '35', '3', '1', '1', '2019-01-07 05:22:58', '2019-01-07 05:22:58'),
(1249, '82', '20', '34', '3', '1', '1', '2019-01-07 05:22:58', '2019-01-07 05:22:58'),
(1250, '82', '20', '35', '3', '1', '1', '2019-01-07 05:22:58', '2019-01-07 05:22:58'),
(1251, '83', '20', '34', '3', '1', '1', '2019-01-07 05:22:58', '2019-01-07 05:22:58'),
(1252, '83', '20', '35', '3', '1', '1', '2019-01-07 05:22:58', '2019-01-07 05:22:58'),
(1253, '84', '20', '34', '3', '1', '1', '2019-01-07 05:22:58', '2019-01-07 05:22:58'),
(1254, '84', '20', '35', '3', '1', '1', '2019-01-07 05:22:58', '2019-01-07 05:22:58'),
(1255, '85', '20', '34', '3', '1', '1', '2019-01-07 05:22:58', '2019-01-07 05:22:58'),
(1256, '85', '20', '35', '3', '1', '1', '2019-01-07 05:22:58', '2019-01-07 05:22:58'),
(1257, '86', '20', '34', '3', '1', '1', '2019-01-07 05:22:59', '2019-01-07 05:22:59'),
(1258, '86', '20', '35', '3', '1', '1', '2019-01-07 05:22:59', '2019-01-07 05:22:59'),
(1259, '87', '20', '34', '3', '1', '1', '2019-01-07 05:22:59', '2019-01-07 05:22:59'),
(1260, '87', '20', '35', '3', '1', '1', '2019-01-07 05:22:59', '2019-01-07 05:22:59'),
(1263, '94', '21', '37', '2', '6', '6', '2019-01-08 00:32:00', '2019-01-08 00:32:00'),
(1321, '115', '21', '39', '5', '6', '6', '2019-01-09 02:58:36', '2019-01-09 02:58:36'),
(1322, '115', '21', '40', '5', '6', '6', '2019-01-09 02:58:36', '2019-01-09 02:58:36'),
(2677, '91', '21', '43', '6', '6', '6', '2019-01-09 10:49:26', '2019-01-09 10:49:26'),
(2678, '91', '21', '44', '6', '6', '6', '2019-01-09 10:49:26', '2019-01-09 10:49:26'),
(2679, '91', '21', '45', '6', '6', '6', '2019-01-09 10:49:26', '2019-01-09 10:49:26'),
(2680, '91', '21', '59', '6', '6', '6', '2019-01-09 10:49:26', '2019-01-09 10:49:26'),
(2681, '91', '21', '60', '6', '6', '6', '2019-01-09 10:49:26', '2019-01-09 10:49:26'),
(2682, '91', '21', '61', '6', '6', '6', '2019-01-09 10:49:26', '2019-01-09 10:49:26'),
(2683, '92', '21', '43', '6', '6', '6', '2019-01-09 10:49:26', '2019-01-09 10:49:26'),
(2684, '92', '21', '44', '6', '6', '6', '2019-01-09 10:49:26', '2019-01-09 10:49:26'),
(2685, '92', '21', '45', '6', '6', '6', '2019-01-09 10:49:27', '2019-01-09 10:49:27'),
(2686, '92', '21', '59', '6', '6', '6', '2019-01-09 10:49:27', '2019-01-09 10:49:27'),
(2687, '92', '21', '60', '6', '6', '6', '2019-01-09 10:49:27', '2019-01-09 10:49:27'),
(2688, '92', '21', '61', '6', '6', '6', '2019-01-09 10:49:27', '2019-01-09 10:49:27'),
(2743, '114', '21', '43', '6', '6', '6', '2019-01-09 10:49:28', '2019-01-09 10:49:28'),
(2744, '114', '21', '44', '6', '6', '6', '2019-01-09 10:49:28', '2019-01-09 10:49:28'),
(2745, '114', '21', '45', '6', '6', '6', '2019-01-09 10:49:28', '2019-01-09 10:49:28'),
(2746, '114', '21', '59', '6', '6', '6', '2019-01-09 10:49:28', '2019-01-09 10:49:28'),
(2747, '114', '21', '60', '6', '6', '6', '2019-01-09 10:49:28', '2019-01-09 10:49:28'),
(2748, '114', '21', '61', '6', '6', '6', '2019-01-09 10:49:28', '2019-01-09 10:49:28'),
(2749, '116', '21', '43', '6', '6', '6', '2019-01-09 10:49:28', '2019-01-09 10:49:28'),
(2750, '116', '21', '44', '6', '6', '6', '2019-01-09 10:49:28', '2019-01-09 10:49:28'),
(2751, '116', '21', '45', '6', '6', '6', '2019-01-09 10:49:28', '2019-01-09 10:49:28'),
(2752, '116', '21', '59', '6', '6', '6', '2019-01-09 10:49:28', '2019-01-09 10:49:28'),
(2753, '116', '21', '60', '6', '6', '6', '2019-01-09 10:49:28', '2019-01-09 10:49:28'),
(2754, '116', '21', '61', '6', '6', '6', '2019-01-09 10:49:28', '2019-01-09 10:49:28'),
(2773, '120', '21', '43', '6', '6', '6', '2019-01-09 10:49:28', '2019-01-09 10:49:28'),
(2774, '120', '21', '44', '6', '6', '6', '2019-01-09 10:49:28', '2019-01-09 10:49:28'),
(2775, '120', '21', '45', '6', '6', '6', '2019-01-09 10:49:28', '2019-01-09 10:49:28'),
(2776, '120', '21', '59', '6', '6', '6', '2019-01-09 10:49:28', '2019-01-09 10:49:28'),
(2777, '120', '21', '60', '6', '6', '6', '2019-01-09 10:49:28', '2019-01-09 10:49:28'),
(2778, '120', '21', '61', '6', '6', '6', '2019-01-09 10:49:28', '2019-01-09 10:49:28'),
(2779, '121', '22', '78', '1', '6', '6', '2019-01-10 06:56:10', '2019-01-10 06:56:10'),
(2780, '121', '22', '79', '1', '6', '6', '2019-01-10 06:56:10', '2019-01-10 06:56:10'),
(2800, '1', '42', '85', '1', '6', '6', '2019-01-15 02:08:50', '2019-01-15 02:08:50'),
(2801, '1', '42', '86', '1', '6', '6', '2019-01-15 02:08:50', '2019-01-15 02:08:50'),
(2802, '1', '42', '87', '1', '6', '6', '2019-01-15 02:08:50', '2019-01-15 02:08:50'),
(2803, '33', '42', '85', '1', '6', '6', '2019-01-15 02:08:50', '2019-01-15 02:08:50'),
(2804, '33', '42', '86', '1', '6', '6', '2019-01-15 02:08:50', '2019-01-15 02:08:50'),
(2805, '33', '42', '87', '1', '6', '6', '2019-01-15 02:08:50', '2019-01-15 02:08:50'),
(2806, '35', '42', '85', '1', '6', '6', '2019-01-15 02:08:50', '2019-01-15 02:08:50'),
(2807, '35', '42', '86', '1', '6', '6', '2019-01-15 02:08:50', '2019-01-15 02:08:50'),
(2808, '35', '42', '87', '1', '6', '6', '2019-01-15 02:08:50', '2019-01-15 02:08:50'),
(2809, '39', '42', '85', '1', '6', '6', '2019-01-15 02:08:50', '2019-01-15 02:08:50'),
(2810, '39', '42', '86', '1', '6', '6', '2019-01-15 02:08:50', '2019-01-15 02:08:50'),
(2811, '39', '42', '87', '1', '6', '6', '2019-01-15 02:08:51', '2019-01-15 02:08:51'),
(2812, '40', '42', '85', '1', '6', '6', '2019-01-15 02:08:51', '2019-01-15 02:08:51'),
(2813, '40', '42', '86', '1', '6', '6', '2019-01-15 02:08:51', '2019-01-15 02:08:51'),
(2814, '40', '42', '87', '1', '6', '6', '2019-01-15 02:08:51', '2019-01-15 02:08:51'),
(2815, '41', '42', '85', '1', '6', '6', '2019-01-15 02:08:51', '2019-01-15 02:08:51'),
(2816, '41', '42', '86', '1', '6', '6', '2019-01-15 02:08:51', '2019-01-15 02:08:51'),
(2817, '41', '42', '87', '1', '6', '6', '2019-01-15 02:08:51', '2019-01-15 02:08:51'),
(2818, '42', '42', '85', '1', '6', '6', '2019-01-15 02:08:51', '2019-01-15 02:08:51'),
(2819, '42', '42', '86', '1', '6', '6', '2019-01-15 02:08:51', '2019-01-15 02:08:51'),
(2820, '42', '42', '87', '1', '6', '6', '2019-01-15 02:08:51', '2019-01-15 02:08:51'),
(2821, '43', '42', '85', '1', '6', '6', '2019-01-15 02:08:51', '2019-01-15 02:08:51'),
(2822, '43', '42', '86', '1', '6', '6', '2019-01-15 02:08:51', '2019-01-15 02:08:51'),
(2823, '43', '42', '87', '1', '6', '6', '2019-01-15 02:08:51', '2019-01-15 02:08:51'),
(2824, '45', '42', '85', '1', '6', '6', '2019-01-15 02:08:51', '2019-01-15 02:08:51'),
(2825, '45', '42', '86', '1', '6', '6', '2019-01-15 02:08:51', '2019-01-15 02:08:51'),
(2826, '45', '42', '87', '1', '6', '6', '2019-01-15 02:08:51', '2019-01-15 02:08:51'),
(2827, '46', '42', '85', '1', '6', '6', '2019-01-15 02:08:51', '2019-01-15 02:08:51'),
(2828, '46', '42', '86', '1', '6', '6', '2019-01-15 02:08:51', '2019-01-15 02:08:51'),
(2829, '46', '42', '87', '1', '6', '6', '2019-01-15 02:08:51', '2019-01-15 02:08:51'),
(2830, '51', '42', '85', '1', '6', '6', '2019-01-15 02:08:51', '2019-01-15 02:08:51'),
(2831, '51', '42', '86', '1', '6', '6', '2019-01-15 02:08:51', '2019-01-15 02:08:51'),
(2832, '51', '42', '87', '1', '6', '6', '2019-01-15 02:08:52', '2019-01-15 02:08:52'),
(2833, '52', '42', '85', '1', '6', '6', '2019-01-15 02:08:52', '2019-01-15 02:08:52'),
(2834, '52', '42', '86', '1', '6', '6', '2019-01-15 02:08:52', '2019-01-15 02:08:52'),
(2835, '52', '42', '87', '1', '6', '6', '2019-01-15 02:08:52', '2019-01-15 02:08:52'),
(2836, '53', '42', '85', '1', '6', '6', '2019-01-15 02:08:52', '2019-01-15 02:08:52'),
(2837, '53', '42', '86', '1', '6', '6', '2019-01-15 02:08:52', '2019-01-15 02:08:52'),
(2838, '53', '42', '87', '1', '6', '6', '2019-01-15 02:08:52', '2019-01-15 02:08:52'),
(2839, '54', '42', '85', '1', '6', '6', '2019-01-15 02:08:52', '2019-01-15 02:08:52'),
(2840, '54', '42', '86', '1', '6', '6', '2019-01-15 02:08:52', '2019-01-15 02:08:52'),
(2841, '54', '42', '87', '1', '6', '6', '2019-01-15 02:08:52', '2019-01-15 02:08:52'),
(2842, '55', '42', '85', '1', '6', '6', '2019-01-15 02:08:52', '2019-01-15 02:08:52'),
(2843, '55', '42', '86', '1', '6', '6', '2019-01-15 02:08:52', '2019-01-15 02:08:52'),
(2844, '55', '42', '87', '1', '6', '6', '2019-01-15 02:08:52', '2019-01-15 02:08:52'),
(2845, '56', '42', '85', '1', '6', '6', '2019-01-15 02:08:52', '2019-01-15 02:08:52'),
(2846, '56', '42', '86', '1', '6', '6', '2019-01-15 02:08:52', '2019-01-15 02:08:52'),
(2847, '56', '42', '87', '1', '6', '6', '2019-01-15 02:08:52', '2019-01-15 02:08:52'),
(2848, '57', '42', '85', '1', '6', '6', '2019-01-15 02:08:52', '2019-01-15 02:08:52'),
(2849, '57', '42', '86', '1', '6', '6', '2019-01-15 02:08:52', '2019-01-15 02:08:52'),
(2850, '57', '42', '87', '1', '6', '6', '2019-01-15 02:08:52', '2019-01-15 02:08:52'),
(2851, '58', '42', '85', '1', '6', '6', '2019-01-15 02:08:53', '2019-01-15 02:08:53'),
(2852, '58', '42', '86', '1', '6', '6', '2019-01-15 02:08:53', '2019-01-15 02:08:53'),
(2853, '58', '42', '87', '1', '6', '6', '2019-01-15 02:08:53', '2019-01-15 02:08:53'),
(2854, '59', '42', '85', '1', '6', '6', '2019-01-15 02:08:53', '2019-01-15 02:08:53'),
(2855, '59', '42', '86', '1', '6', '6', '2019-01-15 02:08:53', '2019-01-15 02:08:53'),
(2856, '59', '42', '87', '1', '6', '6', '2019-01-15 02:08:53', '2019-01-15 02:08:53'),
(2857, '67', '42', '85', '1', '6', '6', '2019-01-15 05:38:47', '2019-01-15 05:38:47'),
(2858, '67', '42', '86', '1', '6', '6', '2019-01-15 05:38:47', '2019-01-15 05:38:47'),
(2859, '67', '42', '87', '1', '6', '6', '2019-01-15 05:38:47', '2019-01-15 05:38:47'),
(2860, '68', '42', '85', '1', '6', '6', '2019-01-15 05:38:54', '2019-01-15 05:38:54'),
(2861, '68', '42', '86', '1', '6', '6', '2019-01-15 05:38:54', '2019-01-15 05:38:54'),
(2862, '68', '42', '87', '1', '6', '6', '2019-01-15 05:38:54', '2019-01-15 05:38:54'),
(2863, '69', '42', '85', '1', '6', '6', '2019-01-15 05:39:17', '2019-01-15 05:39:17'),
(2864, '69', '42', '86', '1', '6', '6', '2019-01-15 05:39:17', '2019-01-15 05:39:17'),
(2865, '69', '42', '87', '1', '6', '6', '2019-01-15 05:39:17', '2019-01-15 05:39:17'),
(2866, '70', '42', '85', '1', '6', '6', '2019-01-15 09:54:55', '2019-01-15 09:54:55'),
(2867, '70', '42', '86', '1', '6', '6', '2019-01-15 09:54:55', '2019-01-15 09:54:55'),
(2868, '70', '42', '87', '1', '6', '6', '2019-01-15 09:54:55', '2019-01-15 09:54:55'),
(2977, '95', '46', '92', '1', '8', '8', '2019-01-16 00:55:29', '2019-01-16 00:55:29'),
(2978, '95', '46', '93', '1', '8', '8', '2019-01-16 00:55:29', '2019-01-16 00:55:29'),
(2979, '95', '46', '94', '1', '8', '8', '2019-01-16 00:55:29', '2019-01-16 00:55:29'),
(2980, '95', '46', '95', '1', '8', '8', '2019-01-16 00:55:29', '2019-01-16 00:55:29'),
(2981, '97', '46', '92', '1', '8', '8', '2019-01-16 00:55:29', '2019-01-16 00:55:29'),
(2982, '97', '46', '93', '1', '8', '8', '2019-01-16 00:55:29', '2019-01-16 00:55:29'),
(2983, '97', '46', '94', '1', '8', '8', '2019-01-16 00:55:29', '2019-01-16 00:55:29'),
(2984, '97', '46', '95', '1', '8', '8', '2019-01-16 00:55:29', '2019-01-16 00:55:29'),
(2985, '98', '46', '92', '1', '8', '8', '2019-01-16 00:55:29', '2019-01-16 00:55:29'),
(2986, '98', '46', '93', '1', '8', '8', '2019-01-16 00:55:29', '2019-01-16 00:55:29'),
(2987, '98', '46', '94', '1', '8', '8', '2019-01-16 00:55:29', '2019-01-16 00:55:29'),
(2988, '98', '46', '95', '1', '8', '8', '2019-01-16 00:55:29', '2019-01-16 00:55:29'),
(2989, '99', '46', '92', '1', '8', '8', '2019-01-16 00:55:29', '2019-01-16 00:55:29'),
(2990, '99', '46', '93', '1', '8', '8', '2019-01-16 00:55:29', '2019-01-16 00:55:29'),
(2991, '99', '46', '94', '1', '8', '8', '2019-01-16 00:55:29', '2019-01-16 00:55:29'),
(2992, '99', '46', '95', '1', '8', '8', '2019-01-16 00:55:29', '2019-01-16 00:55:29'),
(2993, '100', '46', '92', '1', '8', '8', '2019-01-16 00:55:29', '2019-01-16 00:55:29'),
(2994, '100', '46', '93', '1', '8', '8', '2019-01-16 00:55:29', '2019-01-16 00:55:29'),
(2995, '100', '46', '94', '1', '8', '8', '2019-01-16 00:55:29', '2019-01-16 00:55:29'),
(2996, '100', '46', '95', '1', '8', '8', '2019-01-16 00:55:29', '2019-01-16 00:55:29'),
(2997, '101', '46', '92', '1', '8', '8', '2019-01-16 00:55:30', '2019-01-16 00:55:30'),
(2998, '101', '46', '93', '1', '8', '8', '2019-01-16 00:55:30', '2019-01-16 00:55:30'),
(2999, '101', '46', '94', '1', '8', '8', '2019-01-16 00:55:30', '2019-01-16 00:55:30'),
(3000, '101', '46', '95', '1', '8', '8', '2019-01-16 00:55:30', '2019-01-16 00:55:30'),
(3001, '102', '46', '92', '1', '8', '8', '2019-01-16 00:55:30', '2019-01-16 00:55:30'),
(3002, '102', '46', '93', '1', '8', '8', '2019-01-16 00:55:30', '2019-01-16 00:55:30'),
(3003, '102', '46', '94', '1', '8', '8', '2019-01-16 00:55:30', '2019-01-16 00:55:30'),
(3004, '102', '46', '95', '1', '8', '8', '2019-01-16 00:55:30', '2019-01-16 00:55:30'),
(3005, '103', '46', '92', '1', '8', '8', '2019-01-16 00:55:30', '2019-01-16 00:55:30'),
(3006, '103', '46', '93', '1', '8', '8', '2019-01-16 00:55:30', '2019-01-16 00:55:30'),
(3007, '103', '46', '94', '1', '8', '8', '2019-01-16 00:55:30', '2019-01-16 00:55:30'),
(3008, '103', '46', '95', '1', '8', '8', '2019-01-16 00:55:30', '2019-01-16 00:55:30'),
(3009, '104', '46', '92', '1', '8', '8', '2019-01-16 00:55:30', '2019-01-16 00:55:30'),
(3010, '104', '46', '93', '1', '8', '8', '2019-01-16 00:55:30', '2019-01-16 00:55:30'),
(3011, '104', '46', '94', '1', '8', '8', '2019-01-16 00:55:30', '2019-01-16 00:55:30'),
(3012, '104', '46', '95', '1', '8', '8', '2019-01-16 00:55:30', '2019-01-16 00:55:30'),
(3013, '105', '46', '92', '1', '8', '8', '2019-01-16 00:55:30', '2019-01-16 00:55:30'),
(3014, '105', '46', '93', '1', '8', '8', '2019-01-16 00:55:30', '2019-01-16 00:55:30'),
(3015, '105', '46', '94', '1', '8', '8', '2019-01-16 00:55:30', '2019-01-16 00:55:30'),
(3016, '105', '46', '95', '1', '8', '8', '2019-01-16 00:55:30', '2019-01-16 00:55:30'),
(3017, '106', '46', '92', '1', '8', '8', '2019-01-16 00:55:30', '2019-01-16 00:55:30'),
(3018, '106', '46', '93', '1', '8', '8', '2019-01-16 00:55:31', '2019-01-16 00:55:31'),
(3019, '106', '46', '94', '1', '8', '8', '2019-01-16 00:55:31', '2019-01-16 00:55:31'),
(3020, '106', '46', '95', '1', '8', '8', '2019-01-16 00:55:31', '2019-01-16 00:55:31'),
(3021, '107', '46', '92', '1', '8', '8', '2019-01-16 00:55:31', '2019-01-16 00:55:31'),
(3022, '107', '46', '93', '1', '8', '8', '2019-01-16 00:55:31', '2019-01-16 00:55:31'),
(3023, '107', '46', '94', '1', '8', '8', '2019-01-16 00:55:31', '2019-01-16 00:55:31'),
(3024, '107', '46', '95', '1', '8', '8', '2019-01-16 00:55:31', '2019-01-16 00:55:31'),
(3025, '108', '46', '92', '1', '8', '8', '2019-01-16 00:55:31', '2019-01-16 00:55:31'),
(3026, '108', '46', '93', '1', '8', '8', '2019-01-16 00:55:31', '2019-01-16 00:55:31'),
(3027, '108', '46', '94', '1', '8', '8', '2019-01-16 00:55:31', '2019-01-16 00:55:31'),
(3028, '108', '46', '95', '1', '8', '8', '2019-01-16 00:55:31', '2019-01-16 00:55:31'),
(3029, '109', '46', '92', '1', '8', '8', '2019-01-16 00:55:31', '2019-01-16 00:55:31'),
(3030, '109', '46', '93', '1', '8', '8', '2019-01-16 00:55:31', '2019-01-16 00:55:31'),
(3031, '109', '46', '94', '1', '8', '8', '2019-01-16 00:55:31', '2019-01-16 00:55:31'),
(3032, '109', '46', '95', '1', '8', '8', '2019-01-16 00:55:31', '2019-01-16 00:55:31'),
(3033, '110', '46', '92', '1', '8', '8', '2019-01-16 00:55:31', '2019-01-16 00:55:31'),
(3034, '110', '46', '93', '1', '8', '8', '2019-01-16 00:55:31', '2019-01-16 00:55:31'),
(3035, '110', '46', '94', '1', '8', '8', '2019-01-16 00:55:31', '2019-01-16 00:55:31'),
(3036, '110', '46', '95', '1', '8', '8', '2019-01-16 00:55:31', '2019-01-16 00:55:31'),
(3037, '111', '46', '92', '1', '8', '8', '2019-01-16 00:55:31', '2019-01-16 00:55:31'),
(3038, '111', '46', '93', '1', '8', '8', '2019-01-16 00:55:31', '2019-01-16 00:55:31'),
(3039, '111', '46', '94', '1', '8', '8', '2019-01-16 00:55:31', '2019-01-16 00:55:31'),
(3040, '111', '46', '95', '1', '8', '8', '2019-01-16 00:55:32', '2019-01-16 00:55:32'),
(3041, '112', '46', '92', '1', '8', '8', '2019-01-16 00:55:32', '2019-01-16 00:55:32'),
(3042, '112', '46', '93', '1', '8', '8', '2019-01-16 00:55:32', '2019-01-16 00:55:32'),
(3043, '112', '46', '94', '1', '8', '8', '2019-01-16 00:55:32', '2019-01-16 00:55:32'),
(3044, '112', '46', '95', '1', '8', '8', '2019-01-16 00:55:32', '2019-01-16 00:55:32'),
(3045, '113', '46', '92', '1', '8', '8', '2019-01-16 00:55:32', '2019-01-16 00:55:32'),
(3046, '113', '46', '93', '1', '8', '8', '2019-01-16 00:55:32', '2019-01-16 00:55:32'),
(3047, '113', '46', '94', '1', '8', '8', '2019-01-16 00:55:32', '2019-01-16 00:55:32'),
(3048, '113', '46', '95', '1', '8', '8', '2019-01-16 00:55:32', '2019-01-16 00:55:32'),
(3192, '60', '43', '162', '2', '6', '6', '2019-01-16 23:36:57', '2019-01-16 23:36:57'),
(3193, '61', '43', '162', '2', '6', '6', '2019-01-16 23:36:57', '2019-01-16 23:36:57'),
(3194, '62', '43', '162', '2', '6', '6', '2019-01-16 23:36:58', '2019-01-16 23:36:58'),
(3195, '63', '43', '162', '2', '6', '6', '2019-01-16 23:36:58', '2019-01-16 23:36:58'),
(3196, '64', '43', '162', '2', '6', '6', '2019-01-16 23:36:58', '2019-01-16 23:36:58'),
(3197, '65', '43', '162', '2', '6', '6', '2019-01-16 23:36:58', '2019-01-16 23:36:58'),
(3220, '117', '48', '161', '3', '8', '8', '2019-01-17 05:50:08', '2019-01-17 05:50:08'),
(3221, '117', '48', '163', '3', '8', '8', '2019-01-17 05:50:08', '2019-01-17 05:50:08'),
(3222, '118', '48', '161', '3', '8', '8', '2019-01-17 05:50:08', '2019-01-17 05:50:08'),
(3223, '118', '48', '163', '3', '8', '8', '2019-01-17 05:50:08', '2019-01-17 05:50:08'),
(3224, '119', '48', '161', '3', '8', '8', '2019-01-17 05:50:09', '2019-01-17 05:50:09'),
(3225, '119', '48', '163', '3', '8', '8', '2019-01-17 05:50:09', '2019-01-17 05:50:09'),
(3226, '120', '48', '161', '3', '8', '8', '2019-01-17 05:50:09', '2019-01-17 05:50:09'),
(3227, '120', '48', '163', '3', '8', '8', '2019-01-17 05:50:09', '2019-01-17 05:50:09'),
(3228, '121', '48', '161', '3', '8', '8', '2019-01-17 05:50:09', '2019-01-17 05:50:09'),
(3229, '121', '48', '163', '3', '8', '8', '2019-01-17 05:50:09', '2019-01-17 05:50:09'),
(3230, '122', '48', '161', '3', '8', '8', '2019-01-17 05:50:09', '2019-01-17 05:50:09'),
(3231, '122', '48', '163', '3', '8', '8', '2019-01-17 05:50:09', '2019-01-17 05:50:09'),
(3232, '123', '48', '161', '3', '8', '8', '2019-01-17 05:50:09', '2019-01-17 05:50:09'),
(3233, '123', '48', '163', '3', '8', '8', '2019-01-17 05:50:09', '2019-01-17 05:50:09'),
(3234, '124', '48', '161', '3', '8', '8', '2019-01-17 05:50:09', '2019-01-17 05:50:09'),
(3235, '124', '48', '163', '3', '8', '8', '2019-01-17 05:50:09', '2019-01-17 05:50:09'),
(3236, '125', '48', '161', '3', '8', '8', '2019-01-17 05:50:09', '2019-01-17 05:50:09'),
(3237, '125', '48', '163', '3', '8', '8', '2019-01-17 05:50:09', '2019-01-17 05:50:09'),
(3238, '126', '48', '161', '3', '8', '8', '2019-01-17 05:50:09', '2019-01-17 05:50:09'),
(3239, '126', '48', '163', '3', '8', '8', '2019-01-17 05:50:09', '2019-01-17 05:50:09'),
(3240, '127', '48', '161', '3', '8', '8', '2019-01-17 05:50:09', '2019-01-17 05:50:09'),
(3241, '127', '48', '163', '3', '8', '8', '2019-01-17 05:50:09', '2019-01-17 05:50:09'),
(3362, '128', '49', '166', '3', '8', '8', '2019-01-21 06:46:59', '2019-01-21 06:46:59'),
(3363, '128', '49', '179', '3', '8', '8', '2019-01-21 06:46:59', '2019-01-21 06:46:59'),
(3364, '128', '49', '180', '3', '8', '8', '2019-01-21 06:46:59', '2019-01-21 06:46:59'),
(3365, '129', '49', '166', '3', '8', '8', '2019-01-21 06:46:59', '2019-01-21 06:46:59'),
(3366, '129', '49', '179', '3', '8', '8', '2019-01-21 06:46:59', '2019-01-21 06:46:59'),
(3367, '129', '49', '180', '3', '8', '8', '2019-01-21 06:46:59', '2019-01-21 06:46:59'),
(3368, '130', '49', '166', '3', '8', '8', '2019-01-21 06:46:59', '2019-01-21 06:46:59'),
(3369, '130', '49', '179', '3', '8', '8', '2019-01-21 06:46:59', '2019-01-21 06:46:59'),
(3370, '130', '49', '180', '3', '8', '8', '2019-01-21 06:46:59', '2019-01-21 06:46:59'),
(3371, '131', '49', '166', '3', '8', '8', '2019-01-21 06:46:59', '2019-01-21 06:46:59'),
(3372, '131', '49', '179', '3', '8', '8', '2019-01-21 06:47:00', '2019-01-21 06:47:00'),
(3373, '131', '49', '180', '3', '8', '8', '2019-01-21 06:47:00', '2019-01-21 06:47:00'),
(3374, '132', '49', '166', '3', '8', '8', '2019-01-21 06:47:00', '2019-01-21 06:47:00'),
(3375, '132', '49', '179', '3', '8', '8', '2019-01-21 06:47:00', '2019-01-21 06:47:00'),
(3376, '132', '49', '180', '3', '8', '8', '2019-01-21 06:47:00', '2019-01-21 06:47:00'),
(3377, '133', '49', '166', '3', '8', '8', '2019-01-21 06:47:00', '2019-01-21 06:47:00'),
(3378, '133', '49', '179', '3', '8', '8', '2019-01-21 06:47:00', '2019-01-21 06:47:00'),
(3379, '133', '49', '180', '3', '8', '8', '2019-01-21 06:47:00', '2019-01-21 06:47:00'),
(3380, '134', '49', '166', '3', '8', '8', '2019-01-21 06:47:00', '2019-01-21 06:47:00'),
(3381, '134', '49', '179', '3', '8', '8', '2019-01-21 06:47:00', '2019-01-21 06:47:00'),
(3382, '134', '49', '180', '3', '8', '8', '2019-01-21 06:47:01', '2019-01-21 06:47:01'),
(3383, '135', '49', '166', '3', '8', '8', '2019-01-21 06:47:01', '2019-01-21 06:47:01'),
(3384, '135', '49', '179', '3', '8', '8', '2019-01-21 06:47:01', '2019-01-21 06:47:01'),
(3385, '135', '49', '180', '3', '8', '8', '2019-01-21 06:47:01', '2019-01-21 06:47:01'),
(3386, '136', '49', '166', '3', '8', '8', '2019-01-21 06:47:01', '2019-01-21 06:47:01'),
(3387, '136', '49', '179', '3', '8', '8', '2019-01-21 06:47:01', '2019-01-21 06:47:01'),
(3388, '136', '49', '180', '3', '8', '8', '2019-01-21 06:47:01', '2019-01-21 06:47:01'),
(3394, '137', '50', '185', '2', '8', '8', '2019-01-21 08:12:02', '2019-01-21 08:12:02'),
(3395, '137', '50', '182', '2', '8', '8', '2019-01-21 08:12:02', '2019-01-21 08:12:02'),
(3396, '137', '50', '183', '1', '8', '8', '2019-01-21 08:12:03', '2019-01-21 08:12:03');

-- --------------------------------------------------------

--
-- Table structure for table `fav_documents`
--

CREATE TABLE `fav_documents` (
  `id` int(10) UNSIGNED NOT NULL,
  `document_id` varchar(191) COLLATE utf8mb4_unicode_ci NOT NULL,
  `document_path` varchar(255) COLLATE utf8mb4_unicode_ci NOT NULL,
  `user_id` varchar(191) COLLATE utf8mb4_unicode_ci NOT NULL,
  `project_id` varchar(191) COLLATE utf8mb4_unicode_ci NOT NULL,
  `directory_url` varchar(191) COLLATE utf8mb4_unicode_ci NOT NULL,
  `time` varchar(191) COLLATE utf8mb4_unicode_ci NOT NULL,
  `created_at` timestamp NULL DEFAULT NULL,
  `updated_at` timestamp NULL DEFAULT NULL
) ENGINE=InnoDB DEFAULT CHARSET=utf8mb4 COLLATE=utf8mb4_unicode_ci;

--
-- Dumping data for table `fav_documents`
--

INSERT INTO `fav_documents` (`id`, `document_id`, `document_path`, `user_id`, `project_id`, `directory_url`, `time`, `created_at`, `updated_at`) VALUES
(1, '3', '', '1', '1', 'public/documents/1/contriverx001', '1545972783', '2018-12-27 23:23:03', '2018-12-27 23:23:03'),
(2, '4', '', '1', '1', 'public/documents/1/contriverx001', '1545972785', '2018-12-27 23:23:05', '2018-12-27 23:23:05'),
(3, '2', '', '1', '1', 'public/documents/1/contriverx001', '1545972786', '2018-12-27 23:23:06', '2018-12-27 23:23:06'),
(4, '5', '', '1', '1', 'public/documents/1/contriverx001', '1545972788', '2018-12-27 23:23:08', '2018-12-27 23:23:08'),
(5, '69', '', '1', '1', 'public/documents/1/contriverx001/sad', '1545974188', '2018-12-27 23:46:28', '2018-12-27 23:46:28'),
(6, '116', '', '1', '1', 'public/documents/1/contriverx001', '1546061371', '2018-12-28 23:59:31', '2018-12-28 23:59:31'),
(7, '116', '', '3', '1', 'public/documents/1/contriverx001', '1546065849', '2018-12-29 01:14:09', '2018-12-29 01:14:09'),
(8, '136', '', '1', '1', 'public/documents/1/contriverx001', '1546490042', '2019-01-02 23:04:02', '2019-01-02 23:04:02'),
(9, '118', '', '1', '1', 'public/documents/1/contriverx001', '1546490060', '2019-01-02 23:04:20', '2019-01-02 23:04:20'),
(10, '132', '', '1', '1', 'public/documents/1/contriverx001', '1546490061', '2019-01-02 23:04:21', '2019-01-02 23:04:21'),
(11, '380', '', '1', '14', 'public/documents/1/today', '1546590179', '2019-01-04 02:52:59', '2019-01-04 02:52:59'),
(12, '379', '', '1', '14', 'public/documents/1/today', '1546590181', '2019-01-04 02:53:01', '2019-01-04 02:53:01'),
(13, '86', '', '1', '20', 'public/documents/1/dsfsdf', '1546611130', '2019-01-04 08:42:10', '2019-01-04 08:42:10'),
(14, '87', '', '1', '20', 'public/documents/1/dsfsdf', '1546611941', '2019-01-04 08:55:41', '2019-01-04 08:55:41'),
(15, '87', '', '6', '20', 'public/documents/1/dsfsdf', '1547095430', '2019-01-09 23:13:50', '2019-01-09 23:13:50'),
(16, '53', '', '6', '42', 'public/documents/6/ds', '1547442714', '2019-01-13 23:41:54', '2019-01-13 23:41:54'),
(17, '54', '', '6', '42', 'public/documents/6/ds', '1547442716', '2019-01-13 23:41:56', '2019-01-13 23:41:56'),
(18, '52', '', '6', '42', 'public/documents/6/ds', '1547443142', '2019-01-13 23:49:02', '2019-01-13 23:49:02'),
(19, '55', '', '6', '42', 'public/documents/6/ds', '1547452729', '2019-01-14 02:28:49', '2019-01-14 02:28:49'),
(20, '46', '', '6', '42', 'public/documents/6/ds', '1547470070', '2019-01-14 07:17:50', '2019-01-14 07:17:50'),
(21, '58', '', '6', '42', 'public/documents/6/ds/child-file', '1547470078', '2019-01-14 07:17:58', '2019-01-14 07:17:58'),
(22, '51', '', '6', '42', 'public/documents/6/ds/sd', '1547533975', '2019-01-15 01:02:55', '2019-01-15 01:02:55'),
(23, '63', '', '6', '43', 'public/documents/6/hjhjhj', '1547538079', '2019-01-15 02:11:19', '2019-01-15 02:11:19'),
(24, '64', '', '6', '43', 'public/documents/6/hjhjhj', '1547538099', '2019-01-15 02:11:39', '2019-01-15 02:11:39'),
(25, '65', '', '6', '43', 'public/documents/6/hjhjhj/jjhj', '1547538442', '2019-01-15 02:17:22', '2019-01-15 02:17:22');

-- --------------------------------------------------------

--
-- Table structure for table `groups`
--

CREATE TABLE `groups` (
  `id` int(10) UNSIGNED NOT NULL,
  `group_name` varchar(191) COLLATE utf8mb4_unicode_ci NOT NULL,
  `project_id` varchar(191) COLLATE utf8mb4_unicode_ci NOT NULL,
  `group_status` tinyint(1) NOT NULL DEFAULT '1' COMMENT '0=inactive,1=active',
  `group_for` varchar(191) COLLATE utf8mb4_unicode_ci NOT NULL,
  `group_user_type` varchar(191) COLLATE utf8mb4_unicode_ci NOT NULL,
  `collaboration_with` varchar(191) COLLATE utf8mb4_unicode_ci NOT NULL,
  `access_limit` varchar(191) COLLATE utf8mb4_unicode_ci NOT NULL,
  `active_date` date DEFAULT NULL,
  `QA_access_limit` varchar(191) COLLATE utf8mb4_unicode_ci NOT NULL,
  `created_by` varchar(191) COLLATE utf8mb4_unicode_ci NOT NULL,
  `updated_by` varchar(191) COLLATE utf8mb4_unicode_ci NOT NULL,
  `created_at` timestamp NULL DEFAULT NULL,
  `updated_at` timestamp NULL DEFAULT NULL
) ENGINE=InnoDB DEFAULT CHARSET=utf8mb4 COLLATE=utf8mb4_unicode_ci;

--
-- Dumping data for table `groups`
--

INSERT INTO `groups` (`id`, `group_name`, `project_id`, `group_status`, `group_for`, `group_user_type`, `collaboration_with`, `access_limit`, `active_date`, `QA_access_limit`, `created_by`, `updated_by`, `created_at`, `updated_at`) VALUES
(1, 'Administrator', '1', 1, 'Administrator', 'Administrator', 'all_groups', '1', NULL, '0', '1', '1', '2018-12-27 07:25:12', '2018-12-27 07:25:12'),
(6, 'Administrator', '2', 1, 'Administrator', 'Administrator', 'all_group', '1', NULL, '0', '1', '1', '2018-12-29 05:12:35', '2018-12-29 05:12:35'),
(7, 'Administrator', '3', 1, 'Administrator', 'Administrator', 'all_groups', '1', NULL, '0', '4', '4', '2018-12-29 05:45:35', '2018-12-29 05:45:35'),
(12, 'waewqe', '1', 1, 'user', 'Collaboration_users', 'own_group', '1', NULL, '0', '1', '1', '2019-01-02 02:30:04', '2019-01-02 02:30:04'),
(14, 'fgdfg', '1', 1, 'user', 'Collaboration_users', 'own_group', '1', NULL, '0', '1', '1', '2019-01-02 05:15:29', '2019-01-02 05:15:29'),
(15, 'ppopo34234234', '1', 1, 'user', 'Collaboration_users', 'all_group', '1', NULL, '0', '1', '1', '2019-01-02 07:57:04', '2019-01-02 07:57:04'),
(16, 'Administrator', '4', 1, 'Administrator', 'Administrator', 'all_group', '1', NULL, '0', '1', '1', '2019-01-03 00:32:52', '2019-01-03 00:32:52'),
(17, 'Administrator', '5', 1, 'Administrator', 'Administrator', 'all_group', '1', NULL, '0', '1', '1', '2019-01-03 08:52:24', '2019-01-03 08:52:24'),
(18, 'Administrator', '6', 1, 'Administrator', 'Administrator', 'all_group', '1', NULL, '0', '1', '1', '2019-01-03 09:14:12', '2019-01-03 09:14:12'),
(19, 'Administrator', '7', 1, 'Administrator', 'Administrator', 'all_group', '1', NULL, '0', '1', '1', '2019-01-03 09:15:48', '2019-01-03 09:15:48'),
(20, 'Administrator', '8', 1, 'Administrator', 'Administrator', 'all_group', '1', NULL, '0', '1', '1', '2019-01-03 09:18:11', '2019-01-03 09:18:11'),
(21, 'Administrator', '9', 1, 'Administrator', 'Administrator', 'all_group', '1', NULL, '0', '1', '1', '2019-01-03 09:26:41', '2019-01-03 09:26:41'),
(22, 'Administrator', '10', 1, 'Administrator', 'Administrator', 'all_group', '1', NULL, '0', '1', '1', '2019-01-04 00:08:57', '2019-01-04 00:08:57'),
(23, 'Administrator', '11', 1, 'Administrator', 'Administrator', 'all_group', '1', NULL, '0', '1', '1', '2019-01-04 00:18:06', '2019-01-04 00:18:06'),
(24, 'Administrator', '12', 1, 'Administrator', 'Administrator', 'all_group', '1', NULL, '0', '1', '1', '2019-01-04 00:54:01', '2019-01-04 00:54:01'),
(25, 'Administrator', '13', 1, 'Administrator', 'Administrator', 'all_group', '1', NULL, '0', '1', '1', '2019-01-04 00:56:38', '2019-01-04 00:56:38'),
(26, 'fdgfdgf', '13', 1, 'user', 'Collaboration_users', 'own_group', '1', NULL, '0', '1', '1', '2019-01-04 00:59:05', '2019-01-04 00:59:05'),
(27, 'Administrator', '14', 1, 'Administrator', 'Administrator', 'all_group', '1', NULL, '0', '1', '1', '2019-01-04 02:42:30', '2019-01-04 02:42:30'),
(28, 'Administrator', '15', 1, 'Administrator', 'Administrator', 'all_group', '1', NULL, '0', '1', '1', '2019-01-04 04:35:15', '2019-01-04 04:35:15'),
(29, 'Administrator', '16', 1, 'Administrator', 'Administrator', 'all_group', '1', NULL, '0', '1', '1', '2019-01-04 04:37:53', '2019-01-04 04:37:53'),
(30, 'Administrator', '17', 1, 'Administrator', 'Administrator', 'all_group', '1', NULL, '0', '1', '1', '2019-01-04 04:45:16', '2019-01-04 04:45:16'),
(31, 'Administrator', '18', 1, 'Administrator', 'Administrator', 'all_group', '1', NULL, '0', '1', '1', '2019-01-04 05:14:59', '2019-01-04 05:14:59'),
(32, 'Administrator', '19', 1, 'Administrator', 'Administrator', 'all_group', '1', NULL, '0', '1', '1', '2019-01-04 05:18:49', '2019-01-04 05:18:49'),
(33, 'Administrator', '20', 1, 'Administrator', 'Administrator', 'all_group', '1', NULL, '0', '1', '1', '2019-01-04 05:35:53', '2019-01-04 05:35:53'),
(34, 'test', '20', 1, 'user', 'Collaboration_users', 'own_group', '1', NULL, '0', '1', '1', '2019-01-04 06:16:43', '2019-01-04 06:16:43'),
(35, 'fdsf', '20', 1, 'user', 'Collaboration_users', 'own_group', '1', NULL, '0', '1', '1', '2019-01-04 08:01:20', '2019-01-04 08:01:20'),
(36, 'Administrator', '21', 1, 'Administrator', 'Administrator', 'all_group', '1', NULL, '0', '6', '6', '2019-01-07 23:54:25', '2019-01-07 23:54:25'),
(43, 'hgfhfgh', '21', 1, 'user', 'Collaboration_users', 'own_group', '1', NULL, '0', '6', '6', '2019-01-09 04:39:27', '2019-01-09 04:39:27'),
(44, 'fgdgf', '21', 1, 'user', 'Collaboration_users', 'own_group', '1', NULL, '0', '6', '6', '2019-01-09 06:32:11', '2019-01-09 06:32:11'),
(45, '3223', '21', 1, 'user', 'Individual_users', 'own_group', '1', NULL, '0', '6', '6', '2019-01-09 06:56:17', '2019-01-09 06:56:17'),
(59, 'uuuuuuuu', '21', 1, 'user', 'Collaboration_users', 'own_group', '1', NULL, '0', '6', '6', '2019-01-09 07:55:03', '2019-01-09 07:55:03'),
(60, 'ttttttt', '21', 1, 'user', 'Collaboration_users', 'own_group', '1', NULL, '0', '6', '6', '2019-01-09 07:57:45', '2019-01-09 07:57:45'),
(61, 'fdgfdg', '21', 1, 'user', 'Collaboration_users', 'own_group', '1', NULL, '0', '6', '6', '2019-01-09 08:00:04', '2019-01-09 08:00:04'),
(62, 'lllll', '21', 1, 'user', 'Collaboration_users', 'own_group', '1', NULL, '0', '6', '6', '2019-01-09 08:01:46', '2019-01-09 08:01:46'),
(63, '43433', '21', 1, 'user', 'Collaboration_users', 'own_group', '1', NULL, '0', '6', '6', '2019-01-09 08:04:32', '2019-01-09 08:04:32'),
(64, 'Test27878787878', '21', 1, 'user', 'Collaboration_users', 'own_group', '1', NULL, '0', '6', '6', '2019-01-09 08:53:16', '2019-01-09 08:53:16'),
(65, 'Administrator', '22', 1, 'Administrator', 'Administrator', 'all_group', '1', NULL, '0', '6', '6', '2019-01-10 00:17:49', '2019-01-10 00:17:49'),
(66, 'Administrator', '23', 1, 'Administrator', 'Administrator', 'all_group', '1', NULL, '0', '6', '6', '2019-01-10 00:18:23', '2019-01-10 00:18:23'),
(67, 'Administrator', '24', 1, 'Administrator', 'Administrator', 'all_group', '1', NULL, '0', '6', '6', '2019-01-10 00:28:23', '2019-01-10 00:28:23'),
(68, 'Administrator', '25', 1, 'Administrator', 'Administrator', 'all_group', '1', NULL, '0', '6', '6', '2019-01-10 01:20:13', '2019-01-10 01:20:13'),
(69, 'Administrator', '30', 1, 'Administrator', 'Administrator', 'all_group', '1', NULL, '0', '6', '6', '2019-01-10 02:06:59', '2019-01-10 02:06:59'),
(70, 'Administrator', '31', 1, 'Administrator', 'Administrator', 'all_group', '1', NULL, '0', '6', '6', '2019-01-10 02:09:33', '2019-01-10 02:09:33'),
(71, 'Administrator', '32', 1, 'Administrator', 'Administrator', 'all_group', '1', NULL, '0', '6', '6', '2019-01-10 02:15:24', '2019-01-10 02:15:24'),
(72, 'Administrator', '33', 1, 'Administrator', 'Administrator', 'all_group', '1', NULL, '0', '6', '6', '2019-01-10 02:16:29', '2019-01-10 02:16:29'),
(73, 'Administrator', '34', 1, 'Administrator', 'Administrator', 'all_group', '1', NULL, '0', '6', '6', '2019-01-10 02:34:08', '2019-01-10 02:34:08'),
(74, 'Administrator', '35', 1, 'Administrator', 'Administrator', 'all_group', '1', NULL, '0', '6', '6', '2019-01-10 02:34:26', '2019-01-10 02:34:26'),
(75, 'Administrator', '36', 1, 'Administrator', 'Administrator', 'all_group', '1', NULL, '0', '6', '6', '2019-01-10 02:34:46', '2019-01-10 02:34:46'),
(76, 'Administrator', '37', 1, 'Administrator', 'Administrator', 'all_group', '1', NULL, '0', '6', '6', '2019-01-10 02:35:24', '2019-01-10 02:35:24'),
(77, 'df', '24', 1, 'user', 'Collaboration_users', 'own_group', '1', NULL, '0', '6', '6', '2019-01-10 03:58:08', '2019-01-10 03:58:08'),
(78, 'vb', '22', 1, 'user', 'Collaboration_users', 'own_group', '1', NULL, '0', '6', '6', '2019-01-10 06:55:46', '2019-01-10 06:55:46'),
(79, 'fdh', '22', 1, 'user', 'Collaboration_users', 'own_group', '1', NULL, '0', '6', '6', '2019-01-10 06:56:03', '2019-01-10 06:56:03'),
(80, 'Administrator', '38', 1, 'Administrator', 'Administrator', 'all_group', '1', NULL, '0', '6', '6', '2019-01-11 05:01:40', '2019-01-11 05:01:40'),
(81, 'Administrator', '39', 1, 'Administrator', 'Administrator', 'all_group', '1', NULL, '0', '6', '6', '2019-01-11 05:08:36', '2019-01-11 05:08:36'),
(82, 'Administrator', '40', 1, 'Administrator', 'Administrator', 'all_group', '1', NULL, '0', '6', '6', '2019-01-11 05:10:01', '2019-01-11 05:10:01'),
(83, 'Administrator', '41', 1, 'Administrator', 'Administrator', 'all_group', '1', NULL, '0', '6', '6', '2019-01-11 05:18:02', '2019-01-11 05:18:02'),
(84, 'Administrator', '42', 1, 'Administrator', 'Administrator', 'all_group', '2', NULL, '0', '6', '6', '2019-01-11 06:05:57', '2019-01-11 06:05:57'),
(85, '5262', '42', 1, 'user', 'Collaboration_users', 'own_group', '2', '2020-05-03', '0', '6', '6', '2019-01-14 04:14:29', '2019-01-15 00:57:33'),
(86, 'par555', '42', 1, 'user', 'Individual_users', '84', '1', NULL, '7', '6', '6', '2019-01-14 04:14:42', '2019-01-15 02:05:32'),
(87, 'df', '42', 1, 'user', 'Collaboration_users', 'own_group', '1', NULL, '0', '6', '6', '2019-01-15 02:08:15', '2019-01-15 02:08:15'),
(88, 'Administrator', '43', 1, 'Administrator', 'Administrator', 'all_group', '1', NULL, '0', '6', '6', '2019-01-15 02:11:00', '2019-01-15 02:11:00'),
(89, 'Administrator', '44', 1, 'Administrator', 'Administrator', 'all_groups', '1', NULL, '0', '8', '8', '2019-01-15 22:50:31', '2019-01-15 22:50:31'),
(90, 'Administrator', '45', 1, 'Administrator', 'Administrator', 'all_group', '1', NULL, '0', '8', '8', '2019-01-15 23:56:21', '2019-01-15 23:56:21'),
(91, 'Administrator', '46', 1, 'Administrator', 'Administrator', 'all_group', '1', NULL, '0', '8', '8', '2019-01-16 00:36:29', '2019-01-16 00:36:29'),
(96, 'sddfs', '46', 1, 'user', 'Collaboration_users', 'own_group', '1', NULL, '0', '8', '8', '2019-01-16 00:56:36', '2019-01-16 00:56:36'),
(97, 'Administrator', '47', 1, 'Administrator', 'Administrator', 'all_group', '1', NULL, '0', '8', '8', '2019-01-16 01:02:48', '2019-01-16 01:02:48'),
(98, 'Administrator', '48', 1, 'Administrator', 'Administrator', 'all_group', '1', NULL, '0', '8', '8', '2019-01-16 01:17:49', '2019-01-16 01:17:49'),
(161, 'uiuyiyu', '48', 1, 'user', 'Collaboration_users', 'own_group', '2', '2019-01-24', '30', '8', '8', '2019-01-16 09:15:19', '2019-01-17 05:39:51'),
(162, 'bn', '43', 1, 'user', 'Collaboration_users', 'own_group', '1', NULL, '0', '6', '6', '2019-01-16 23:35:40', '2019-01-16 23:35:40'),
(163, 'df', '48', 1, 'user', 'Collaboration_users', 'own_group', '1', NULL, '0', '8', '8', '2019-01-17 00:56:27', '2019-01-17 00:56:27'),
(164, '55', '48', 1, 'user', 'Collaboration_users', 'own_group', '1', NULL, '0', '8', '8', '2019-01-17 05:50:03', '2019-01-17 05:50:03'),
(165, 'Administrator', '49', 1, 'Administrator', 'Administrator', 'all_group', '1', NULL, '0', '8', '8', '2019-01-17 06:28:40', '2019-01-17 06:28:40'),
(166, 'dfgddddd', '49', 1, 'user', 'Individual_users', '165', '2', '2019-01-01', '0', '8', '8', '2019-01-17 06:29:41', '2019-01-21 05:47:37'),
(179, 'usergroup', '49', 1, 'user', 'Collaboration_users', 'all_group', '1', NULL, '0', '8', '8', '2019-01-20 23:44:29', '2019-01-20 23:44:29'),
(180, 'fgf', '49', 1, 'user', 'Individual_users', 'own_group', '1', NULL, '0', '8', '8', '2019-01-21 06:46:55', '2019-01-21 06:46:55'),
(181, 'Administrator', '50', 1, 'Administrator', 'Administrator', 'all_group', '1', NULL, '0', '8', '8', '2019-01-21 08:09:45', '2019-01-21 08:09:45'),
(182, 'php', '50', 1, 'user', 'Collaboration_users', 'own_group', '1', NULL, '0', '8', '8', '2019-01-21 08:10:19', '2019-01-21 08:10:19'),
(183, 'java', '50', 1, 'user', 'Individual_users', 'own_group', '1', NULL, '0', '8', '8', '2019-01-21 08:10:57', '2019-01-21 08:10:57'),
(184, 'script', '50', 1, 'Administrator', 'Administrator', 'all_groups', '1', NULL, '1', '8', '8', '2019-01-21 08:11:19', '2019-01-21 08:11:19'),
(185, 'codex', '50', 1, 'user', 'Collaboration_users', 'all_group', '1', NULL, '0', '8', '8', '2019-01-21 08:11:57', '2019-01-21 08:11:57');

-- --------------------------------------------------------

--
-- Table structure for table `group_members`
--

CREATE TABLE `group_members` (
  `id` int(10) UNSIGNED NOT NULL,
  `group_id` varchar(191) COLLATE utf8mb4_unicode_ci NOT NULL,
  `project_id` varchar(191) COLLATE utf8mb4_unicode_ci NOT NULL,
  `member_email` varchar(191) COLLATE utf8mb4_unicode_ci NOT NULL,
  `member_status` varchar(191) COLLATE utf8mb4_unicode_ci NOT NULL DEFAULT '1',
  `user_type` varchar(191) COLLATE utf8mb4_unicode_ci NOT NULL,
  `role` varchar(191) COLLATE utf8mb4_unicode_ci NOT NULL,
  `access_limit` varchar(191) COLLATE utf8mb4_unicode_ci NOT NULL,
  `active_date` date DEFAULT NULL,
  `access_qa` varchar(191) COLLATE utf8mb4_unicode_ci NOT NULL,
  `created_by` varchar(191) COLLATE utf8mb4_unicode_ci NOT NULL,
  `updated_by` varchar(191) COLLATE utf8mb4_unicode_ci NOT NULL,
  `created_at` timestamp NULL DEFAULT NULL,
  `updated_at` timestamp NULL DEFAULT NULL
) ENGINE=InnoDB DEFAULT CHARSET=utf8mb4 COLLATE=utf8mb4_unicode_ci;

--
-- Dumping data for table `group_members`
--

INSERT INTO `group_members` (`id`, `group_id`, `project_id`, `member_email`, `member_status`, `user_type`, `role`, `access_limit`, `active_date`, `access_qa`, `created_by`, `updated_by`, `created_at`, `updated_at`) VALUES
(125, '165', '49', 'pramod.kumar@contriverz.com', '1', 'Administrator', 'Administrator', '1', NULL, '00', '8', '8', '2019-01-17 06:28:40', '2019-01-17 06:28:40'),
(129, '166', '49', 'ffdf@vv.com', '1', 'user', '1', '2', '2019-02-01', '2', '8', '8', '2019-01-18 03:38:57', '2019-01-18 09:02:08'),
(130, '166', '49', 'gfghgf@gggg.com', '1', 'user', '2', '2', '2019-02-01', '3', '8', '8', '2019-01-18 03:40:09', '2019-01-18 09:02:08'),
(131, '166', '49', 'gf@nn.com', '1', 'Administrator', '2', '2', '2019-02-01', '3', '8', '8', '2019-01-18 03:40:50', '2019-01-18 09:02:08'),
(132, '166', '49', 'fffW@gg.com', '1', 'Administrator', '1', '2', '2019-02-01', '3', '8', '8', '2019-01-18 03:41:54', '2019-01-18 09:02:08'),
(136, '165', '49', 'priyanshu.chauhan@contriverz.com', '1', 'Administrator', 'Administrator', '1', NULL, '00', '8', '8', '2019-01-18 08:05:31', '2019-01-18 08:05:31'),
(139, '166', '49', 'ankit.chauhan@contriverz.com', '1', 'user', '2', '2', '2019-01-01', '2', '8', '8', '2019-01-20 22:56:24', '2019-01-21 05:33:25'),
(140, '166', '49', 'ggds@ddd.com', '1', 'user', '2', '2', '2020-01-01', '2', '8', '8', '2019-01-20 23:38:35', '2019-01-20 23:38:35');

-- --------------------------------------------------------

--
-- Table structure for table `migrations`
--

CREATE TABLE `migrations` (
  `id` int(10) UNSIGNED NOT NULL,
  `migration` varchar(191) COLLATE utf8mb4_unicode_ci NOT NULL,
  `batch` int(11) NOT NULL
) ENGINE=InnoDB DEFAULT CHARSET=utf8mb4 COLLATE=utf8mb4_unicode_ci;

--
-- Dumping data for table `migrations`
--

INSERT INTO `migrations` (`id`, `migration`, `batch`) VALUES
(1, '2014_10_12_000000_create_users_table', 1),
(3, '2018_08_21_133608_create_projects_table', 1),
(5, '2018_09_18_100628_add_project_id_to_groups', 2),
(9, '2018_10_08_132028_add_company_to_users', 4),
(10, '2018_10_10_082812_add_server_location_to_projects', 5),
(26, '2018_10_18_060456_create_notes_table', 10),
(27, '2018_10_17_050239_create_fav_documents_table', 11),
(36, '2018_09_18_061347_create_groups_table', 15),
(38, '2018_10_11_131113_create_delete_documents_table', 17),
(40, '2018_10_10_120124_create_documents_table', 18),
(41, '2018_09_18_135616_create_group__members_table', 19),
(42, '2018_11_20_110749_create_collaboration_with_group_table', 20),
(43, '2018_11_26_053307_create_document_permission_table', 21),
(47, '2018_12_19_114802_create_questions_table', 22),
(50, '2018_12_18_103720_create_question_reply_table', 23),
(51, '2019_01_03_063031_create_reports_table', 24),
(52, '2019_01_03_105425_create_action_type_table', 25),
(53, '2014_10_12_100000_create_password_resets_table', 26);

-- --------------------------------------------------------

--
-- Table structure for table `notes`
--

CREATE TABLE `notes` (
  `id` int(10) UNSIGNED NOT NULL,
  `document_id` varchar(191) COLLATE utf8mb4_unicode_ci NOT NULL,
  `content` varchar(500) COLLATE utf8mb4_unicode_ci NOT NULL,
  `user_id` varchar(191) COLLATE utf8mb4_unicode_ci NOT NULL,
  `project_id` varchar(191) COLLATE utf8mb4_unicode_ci NOT NULL,
  `priority` varchar(191) COLLATE utf8mb4_unicode_ci NOT NULL,
  `time` varchar(191) COLLATE utf8mb4_unicode_ci NOT NULL,
  `updated_time` varchar(191) COLLATE utf8mb4_unicode_ci NOT NULL,
  `created_by` varchar(191) COLLATE utf8mb4_unicode_ci NOT NULL,
  `updated_by` varchar(191) COLLATE utf8mb4_unicode_ci NOT NULL,
  `created_at` timestamp NULL DEFAULT NULL,
  `updated_at` timestamp NULL DEFAULT NULL
) ENGINE=InnoDB DEFAULT CHARSET=utf8mb4 COLLATE=utf8mb4_unicode_ci;

--
-- Dumping data for table `notes`
--

INSERT INTO `notes` (`id`, `document_id`, `content`, `user_id`, `project_id`, `priority`, `time`, `updated_time`, `created_by`, `updated_by`, `created_at`, `updated_at`) VALUES
(1, '2', 'ghgh', '1', '1', '1', '1545915601', '', '1', '1', '2018-12-27 07:30:01', '2018-12-27 07:30:01'),
(2, '4', 'dfdfd', '1', '1', '1', '1545971972', '', '1', '1', '2018-12-27 23:09:32', '2018-12-27 23:09:32'),
(3, '3', 'dsfsdf', '1', '1', '1', '1545971978', '', '1', '1', '2018-12-27 23:09:38', '2018-12-27 23:09:38'),
(5, '116', 'chgkj', '3', '1', '1', '1546065853', '', '3', '3', '2018-12-29 01:14:13', '2018-12-29 01:14:13'),
(6, '116', 'wew', '1', '1', '1', '1546069544', '', '1', '1', '2018-12-29 02:15:44', '2018-12-29 02:15:44'),
(8, '134', '67667767', '1', '1', '1', '1546089999', '', '1', '1', '2018-12-29 07:56:39', '2018-12-29 07:56:39'),
(9, '132', 'opopo', '1', '1', '1', '1546138998', '', '1', '1', '2018-12-29 21:33:18', '2018-12-29 21:33:18'),
(10, '133', 'retr', '1', '1', '1', '1546148391', '', '1', '1', '2018-12-30 00:09:51', '2018-12-30 00:09:51'),
(11, '137', 'jhjhgj', '1', '1', '1', '1546416868', '', '1', '1', '2019-01-02 02:44:28', '2019-01-02 02:44:28'),
(12, '238', '35434543543', '1', '9', '1', '1546578717', '', '1', '1', '2019-01-03 23:41:57', '2019-01-03 23:41:57'),
(13, '336', 'sdfds', '1', '13', '1', '1546583309', '', '1', '1', '2019-01-04 00:58:29', '2019-01-04 00:58:29'),
(14, '81', 'fjhj', '1', '20', '1', '1546608325', '', '1', '1', '2019-01-04 07:55:25', '2019-01-04 07:55:25'),
(15, '79', 'wrer', '1', '20', '1', '1546611200', '', '1', '1', '2019-01-04 08:43:20', '2019-01-04 08:43:20');

-- --------------------------------------------------------

--
-- Table structure for table `password_resets`
--

CREATE TABLE `password_resets` (
  `email` varchar(191) COLLATE utf8mb4_unicode_ci NOT NULL,
  `token` varchar(191) COLLATE utf8mb4_unicode_ci NOT NULL,
  `created_at` timestamp NULL DEFAULT NULL
) ENGINE=InnoDB DEFAULT CHARSET=utf8mb4 COLLATE=utf8mb4_unicode_ci;

--
-- Dumping data for table `password_resets`
--

INSERT INTO `password_resets` (`email`, `token`, `created_at`) VALUES
('ankit.chauhan@contriverz.com', '$2y$10$hDfM4Vd5nY4tk5xsamg6ou5rPGZP/0zEFHUbTixXqMxQuG8YZrPGO', '2019-01-15 23:12:29');

-- --------------------------------------------------------

--
-- Table structure for table `projects`
--

CREATE TABLE `projects` (
  `id` int(10) UNSIGNED NOT NULL,
  `user_id` varchar(191) COLLATE utf8mb4_unicode_ci NOT NULL,
  `project_name` varchar(191) COLLATE utf8mb4_unicode_ci NOT NULL,
  `company_name` varchar(191) COLLATE utf8mb4_unicode_ci NOT NULL,
  `created_by` varchar(191) COLLATE utf8mb4_unicode_ci NOT NULL,
  `updated_by` varchar(191) COLLATE utf8mb4_unicode_ci NOT NULL,
  `project_slug` varchar(191) COLLATE utf8mb4_unicode_ci NOT NULL,
  `created_at` timestamp NULL DEFAULT NULL,
  `updated_at` timestamp NULL DEFAULT NULL,
  `industry` varchar(191) COLLATE utf8mb4_unicode_ci NOT NULL,
  `server_location` varchar(191) COLLATE utf8mb4_unicode_ci NOT NULL
) ENGINE=InnoDB DEFAULT CHARSET=utf8mb4 COLLATE=utf8mb4_unicode_ci;

--
-- Dumping data for table `projects`
--

INSERT INTO `projects` (`id`, `user_id`, `project_name`, `company_name`, `created_by`, `updated_by`, `project_slug`, `created_at`, `updated_at`, `industry`, `server_location`) VALUES
(3, '4', '23213213123', '321321321', '4', '4', '23213213123', '2018-12-29 05:45:35', '2018-12-29 05:45:35', 'empty', 'empty'),
(43, '6', 'hjhjhj', 'jhj', '6', '6', 'hjhjhj', '2019-01-15 02:11:00', '2019-01-15 02:11:00', 'empty', 'Canada'),
(50, '8', 'contriz', 'contriz', '8', '8', 'contriz', '2019-01-21 08:09:45', '2019-01-21 08:09:45', 'empty', 'India');

-- --------------------------------------------------------

--
-- Table structure for table `questions`
--

CREATE TABLE `questions` (
  `id` int(10) UNSIGNED NOT NULL,
  `document_id` varchar(191) COLLATE utf8mb4_unicode_ci NOT NULL,
  `project_id` varchar(191) COLLATE utf8mb4_unicode_ci NOT NULL,
  `subject` varchar(191) COLLATE utf8mb4_unicode_ci NOT NULL,
  `ques_content` varchar(191) COLLATE utf8mb4_unicode_ci NOT NULL,
  `send_by` varchar(191) COLLATE utf8mb4_unicode_ci NOT NULL,
  `send_to` varchar(191) COLLATE utf8mb4_unicode_ci NOT NULL,
  `priority` varchar(191) COLLATE utf8mb4_unicode_ci NOT NULL,
  `time` varchar(191) COLLATE utf8mb4_unicode_ci NOT NULL,
  `created_by` varchar(191) COLLATE utf8mb4_unicode_ci NOT NULL,
  `updated_by` varchar(191) COLLATE utf8mb4_unicode_ci NOT NULL,
  `created_at` timestamp NULL DEFAULT NULL,
  `updated_at` timestamp NULL DEFAULT NULL
) ENGINE=InnoDB DEFAULT CHARSET=utf8mb4 COLLATE=utf8mb4_unicode_ci;

--
-- Dumping data for table `questions`
--

INSERT INTO `questions` (`id`, `document_id`, `project_id`, `subject`, `ques_content`, `send_by`, `send_to`, `priority`, `time`, `created_by`, `updated_by`, `created_at`, `updated_at`) VALUES
(51, '1', '1', 'df', 'dsfsdfd', '1', 'ankit.chauhan@contriverz.com', '0', '1546434078', '1', '1', '2019-01-02 07:31:18', '2019-01-02 07:31:18'),
(52, '1', '1', 'sadsa', 'dsadsa', '1', 'ankit.chauhan@contriverz.com', '0', '1546496594', '1', '1', '2019-01-03 00:53:14', '2019-01-03 00:53:14'),
(54, '1', '20', 'ss', 'adsads', '1', 'pramod.kumar@contriverz.com', '0', '1546603680', '1', '1', '2019-01-04 06:38:00', '2019-01-04 06:38:00'),
(55, '87', '20', 'hgj', 'jghjghjhgj', '1', 'pramod.kumar@contriverz.com', '0', '1546611951', '1', '1', '2019-01-04 08:55:51', '2019-01-04 08:55:51'),
(56, '92', '21', 'fds', 'fsdfsdfd', '6', 'vishal2.ojha@contriverz.com', '0', '1546929923', '6', '6', '2019-01-08 01:15:23', '2019-01-08 01:15:23'),
(57, '91', '21', 'fdg', 'gffdgfdg', '6', 'pramod.kumar@contriverz.com', '0', '1546930352', '6', '6', '2019-01-08 01:22:32', '2019-01-08 01:22:32'),
(58, '100', '21', 'dfh', 'dgdhgh', '7', 'ankit.chauhan@contriverz.com', '0', '1546930615', '7', '7', '2019-01-08 01:26:55', '2019-01-08 01:26:55'),
(59, '91', '21', 'tr', 'ytrytryt', '6', 'pramod.kumar@contriverz.com', '0', '1546933505', '6', '6', '2019-01-08 02:15:05', '2019-01-08 02:15:05'),
(60, '136', '24', 'fg', 'h', '6', '9852@gmail.com', '0', '1547112548', '6', '6', '2019-01-10 03:59:08', '2019-01-10 03:59:08'),
(61, '138', '24', 'ffg', 'gfgf', '6', '9852@gmail.com', '0', '1547115851', '6', '6', '2019-01-10 04:54:11', '2019-01-10 04:54:11'),
(62, '135', '24', 'sad', 'saddas', '6', '9852@gmail.com', '0', '1547116334', '6', '6', '2019-01-10 05:02:14', '2019-01-10 05:02:14'),
(63, '137', '24', 'dd', 'ddff', '6', '9852@gmail.com', '0', '1547117899', '6', '6', '2019-01-10 05:28:19', '2019-01-10 05:28:19'),
(64, '140', '24', 'sdfs', 'sdfsd', '6', '9852@gmail.com', '0', '1547121427', '6', '6', '2019-01-10 06:27:07', '2019-01-10 06:27:07'),
(65, '148', '24', 'dsfds', 'dsfsd', '6', '9852@gmail.com', '0', '1547121443', '6', '6', '2019-01-10 06:27:23', '2019-01-10 06:27:23'),
(66, '1', '42', '52', '562862', '6', 'par@gamail.com', '0', '1547459147', '6', '6', '2019-01-14 04:15:47', '2019-01-14 04:15:47'),
(67, '1', '42', '9i9', 'i9', '6', 'par@gamail.com', '0', '1547459263', '6', '6', '2019-01-14 04:17:43', '2019-01-14 04:17:43'),
(68, '1', '42', 'g', 'ff', '6', 'par@gamail.com', '0', '1547464077', '6', '6', '2019-01-14 05:37:57', '2019-01-14 05:37:57'),
(69, '1', '42', 'ff', 'ffff', '6', 'par@gamail.com', '0', '1547464239', '6', '6', '2019-01-14 05:40:39', '2019-01-14 05:40:39'),
(70, '1', '42', 'xxc', 'ddf', '6', 'par@gamail.com', '0', '1547465315', '6', '6', '2019-01-14 05:58:35', '2019-01-14 05:58:35'),
(71, '1', '42', 'fgfdgdf', 'dsf', '6', 'par@gamail.com', '0', '1547465375', '6', '6', '2019-01-14 05:59:35', '2019-01-14 05:59:35');

-- --------------------------------------------------------

--
-- Table structure for table `question_reply`
--

CREATE TABLE `question_reply` (
  `id` int(10) UNSIGNED NOT NULL,
  `question_id` varchar(191) COLLATE utf8mb4_unicode_ci NOT NULL,
  `project_id` varchar(191) COLLATE utf8mb4_unicode_ci NOT NULL,
  `reply_subject` varchar(191) COLLATE utf8mb4_unicode_ci NOT NULL,
  `reply_content` varchar(191) COLLATE utf8mb4_unicode_ci NOT NULL,
  `reply_status` varchar(191) COLLATE utf8mb4_unicode_ci NOT NULL,
  `reply_by` varchar(191) COLLATE utf8mb4_unicode_ci NOT NULL,
  `reply_to` varchar(191) COLLATE utf8mb4_unicode_ci NOT NULL,
  `time` varchar(191) COLLATE utf8mb4_unicode_ci NOT NULL,
  `created_at` timestamp NULL DEFAULT NULL,
  `updated_at` timestamp NULL DEFAULT NULL
) ENGINE=InnoDB DEFAULT CHARSET=utf8mb4 COLLATE=utf8mb4_unicode_ci;

--
-- Dumping data for table `question_reply`
--

INSERT INTO `question_reply` (`id`, `question_id`, `project_id`, `reply_subject`, `reply_content`, `reply_status`, `reply_by`, `reply_to`, `time`, `created_at`, `updated_at`) VALUES
(14, '1', '1', 'j', 'hgjghjghj', '0', 'priyanshu.chauhan@contriverz.com', 'ankit.chauhan@contriverz.com,vishal.ojha@contriverz.com', 'Dec/28/2018 12:19:24', '2018-12-28 06:49:24', '2018-12-28 06:49:24'),
(15, '1', '1', 'gfd', 'f', '0', 'priyanshu.chauhan@contriverz.com', 'ankit.chauhan@contriverz.com', 'Dec/28/2018 12:20:55', '2018-12-28 06:50:55', '2018-12-28 06:50:55'),
(16, '1', '1', 'gfd', 'fst', '0', 'priyanshu.chauhan@contriverz.com', 'vishal.ojha@contriverz.com', 'Dec/28/2018 12:23:35', '2018-12-28 06:53:35', '2018-12-28 06:53:35'),
(17, '1', '1', 'fg', 'ew', '0', 'priyanshu.chauhan@contriverz.com', 'vishal.ojha@contriverz.com', 'Dec/28/2018 12:45:31', '2018-12-28 07:15:31', '2018-12-28 07:15:31'),
(18, '1', '1', '3', '3', '0', 'priyanshu.chauhan@contriverz.com', 'vishal.ojha@contriverz.com', 'Dec/28/2018 12:45:45', '2018-12-28 07:15:45', '2018-12-28 07:15:45'),
(19, '1', '1', '3', 'rrrrtret', '0', 'priyanshu.chauhan@contriverz.com', 'ankit.chauhan@contriverz.com,vishal.ojha@contriverz.com', 'Dec/28/2018 13:34:43', '2018-12-28 08:04:43', '2018-12-28 08:04:43'),
(20, '1', '1', 'erwrt', 'ww', '0', 'priyanshu.chauhan@contriverz.com', 'ankit.chauhan@contriverz.com,vishal.ojha@contriverz.com', 'Dec/28/2018 13:36:28', '2018-12-28 08:06:28', '2018-12-28 08:06:28'),
(21, '2', '1', 'ere', 'rererf dfe', '0', 'priyanshu.chauhan@contriverz.com', 'ankit.chauhan@contriverz.com,vishal.ojha@contriverz.com', 'Dec/28/2018 14:02:45', '2018-12-28 08:32:45', '2018-12-28 08:32:45'),
(22, '2', '1', 'rew', 'wrewre', '0', 'priyanshu.chauhan@contriverz.com', 'vishal.ojha@contriverz.com', 'Dec/28/2018 14:03:28', '2018-12-28 08:33:28', '2018-12-28 08:33:28'),
(23, '2', '1', 'rew', 'wrewre', '0', 'priyanshu.chauhan@contriverz.com', 'ankit.chauhan@contriverz.com,vishal.ojha@contriverz.com', 'Dec/29/2018 04:50:09', '2018-12-28 23:20:09', '2018-12-28 23:20:09'),
(24, '2', '1', '7', '777777768', '0', 'priyanshu.chauhan@contriverz.com', 'vishal.ojha@contriverz.com', 'Dec/29/2018 06:26:45', '2018-12-29 00:56:45', '2018-12-29 00:56:45'),
(25, '3', '1', 'hhg', 'ghhg', '0', 'priyanshu.chauhan@contriverz.com', 'ankit.chauhan@contriverz.com,vishal.ojha@contriverz.com', 'Dec/29/2018 07:54:19', '2018-12-29 02:24:19', '2018-12-29 02:24:19'),
(26, '7', '1', 'werwere', 'er', '0', 'priyanshu.chauhan@contriverz.com', 'ankit.chauhan@contriverz.com', 'Dec/29/2018 10:08:34', '2018-12-29 04:38:34', '2018-12-29 04:38:34'),
(30, '29', '1', 'jhkjhkj', 'jkjhk', '0', 'priyanshu.chauhan@contriverz.com', 'ankit.chauhan@contriverz.com', 'Dec/29/2018 11:51:23', '2018-12-29 06:21:23', '2018-12-29 06:21:23'),
(31, '30', '1', 'vb', 'fghgf', '0', 'priyanshu.chauhan@contriverz.com', 'ankit.chauhan@contriverz.com', 'Dec/30/2018 03:25:59', '2018-12-29 21:55:59', '2018-12-29 21:55:59'),
(32, '31', '1', 'e', 'rewrwer r', '0', 'priyanshu.chauhan@contriverz.com', 'ankit.chauhan@contriverz.com', 'Jan/02/2019 09:42:59', '2019-01-02 04:12:59', '2019-01-02 04:12:59'),
(33, '29', '1', 'rtt', 'tretrre', '0', 'ankit.chauhan@contriverz.com', 'priyanshu.chauhan@contriverz.com', 'Jan/02/2019 11:18:04', '2019-01-02 05:48:04', '2019-01-02 05:48:04'),
(34, '32', '1', 'wrew', 'ewrer 	re\n		re		w', '0', 'priyanshu.chauhan@contriverz.com', 'ankit.chauhan@contriverz.com', 'Jan/02/2019 11:20:28', '2019-01-02 05:50:28', '2019-01-02 05:50:28'),
(35, '49', '1', 'fd', 'fsfdsdf', '0', 'priyanshu.chauhan@contriverz.com', 'ankit.chauhan@contriverz.com', 'Jan/02/2019 12:58:29', '2019-01-02 07:28:29', '2019-01-02 07:28:29'),
(36, '51', '1', 'asd', 'sdsdsadd', '0', 'ankit.chauhan@contriverz.com', 'priyanshu.chauhan@contriverz.com', 'Jan/02/2019 13:36:06', '2019-01-02 08:06:06', '2019-01-02 08:06:06'),
(37, '51', '1', 'tret', 'fdfdfdsfdf', '0', 'ankit.chauhan@contriverz.com', 'priyanshu.chauhan@contriverz.com', 'Jan/02/2019 13:37:06', '2019-01-02 08:07:06', '2019-01-02 08:07:06'),
(38, '51', '1', 'hgf', 'ytu', '0', 'ankit.chauhan@contriverz.com', 'priyanshu.chauhan@contriverz.com', 'Jan/02/2019 13:37:14', '2019-01-02 08:07:14', '2019-01-02 08:07:14'),
(39, '51', '1', 'fd', 'dfdf', '0', 'ankit.chauhan@contriverz.com', 'priyanshu.chauhan@contriverz.com', 'Jan/02/2019 14:00:47', '2019-01-02 08:30:47', '2019-01-02 08:30:47'),
(40, '51', '1', 'fggdfg', 'gfdgfgfd', '0', 'priyanshu.chauhan@contriverz.com', 'ankit.chauhan@contriverz.com', 'Jan/03/2019 07:14:08', '2019-01-03 01:44:08', '2019-01-03 01:44:08'),
(41, '53', '20', 'sdas', 'dsadsads', '0', 'priyanshu.chauhan@contriverz.com', 'pramod.kumar@contriverz.com', 'Jan/04/2019 12:07:26', '2019-01-04 06:37:26', '2019-01-04 06:37:26'),
(43, '54', '20', 'sad', 'sdsad', '0', 'priyanshu.chauhan@contriverz.com', 'pramod.kumar@contriverz.com', 'Jan/04/2019 12:08:40', '2019-01-04 06:38:40', '2019-01-04 06:38:40'),
(44, '54', '20', 'yt', 'yytyt', '0', 'priyanshu.chauhan@contriverz.com', 'pramod.kumar@contriverz.com', 'Jan/07/2019 05:25:17', '2019-01-06 23:55:17', '2019-01-06 23:55:17'),
(45, '58', '21', 'jhg', 'jhgjhg', '0', 'ankit.chauhan@contriverz.com', 'vishal2.ojha@contriverz.com', 'Jan/08/2019 13:22:12', '2019-01-08 07:52:12', '2019-01-08 07:52:12'),
(46, '58', '21', 'hgj', 'jhgjhh', '0', 'ankit.chauhan@contriverz.com', 'pramod.kumar@contriverz.com', 'Jan/08/2019 13:24:45', '2019-01-08 07:54:45', '2019-01-08 07:54:45'),
(47, '58', '21', 'fg', 'gfgfg', '0', 'ankit.chauhan@contriverz.com', 'vishal2.ojha@contriverz.com', 'Jan/08/2019 13:26:14', '2019-01-08 07:56:14', '2019-01-08 07:56:14'),
(48, '66', '42', 'ghgj', 'hjk', '0', 'ankit.chauhan@contriverz.com', 'par@gamail.com', 'Jan/14/2019 12:11:36', '2019-01-14 06:41:36', '2019-01-14 06:41:36'),
(49, '66', '42', 'fhgfh', 'fhf', '0', 'ankit.chauhan@contriverz.com', 'par@gamail.com', 'Jan/14/2019 12:21:32', '2019-01-14 06:51:32', '2019-01-14 06:51:32'),
(50, '66', '42', 'fdg', 'fdg', '0', 'ankit.chauhan@contriverz.com', 'par@gamail.com', 'Jan/14/2019 12:40:30', '2019-01-14 07:10:30', '2019-01-14 07:10:30'),
(51, '71', '42', '65', '65', '0', 'ankit.chauhan@contriverz.com', 'par@gamail.com', 'Jan/14/2019 12:47:27', '2019-01-14 07:17:27', '2019-01-14 07:17:27');

-- --------------------------------------------------------

--
-- Table structure for table `reports`
--

CREATE TABLE `reports` (
  `id` int(10) UNSIGNED NOT NULL,
  `action` varchar(191) COLLATE utf8mb4_unicode_ci NOT NULL,
  `document_path` varchar(191) COLLATE utf8mb4_unicode_ci NOT NULL,
  `Auth` varchar(191) COLLATE utf8mb4_unicode_ci NOT NULL,
  `created_at` timestamp NULL DEFAULT NULL,
  `updated_at` timestamp NULL DEFAULT NULL
) ENGINE=InnoDB DEFAULT CHARSET=utf8mb4 COLLATE=utf8mb4_unicode_ci;

--
-- Dumping data for table `reports`
--

INSERT INTO `reports` (`id`, `action`, `document_path`, `Auth`, `created_at`, `updated_at`) VALUES
(1, '1', 'public/documents/1/dsfsdf/fgf', '1', '2019-01-04 06:24:13', '2019-01-04 06:24:13'),
(2, '1', 'public/documents/1/dsfsdf/tty', '1', '2019-01-04 06:34:40', '2019-01-04 06:34:40'),
(3, '5', 'public/documents/1/dsfsdf/tty', '1', '2019-01-04 06:34:44', '2019-01-04 06:34:44'),
(4, '5', 'public/documents/1/dsfsdf/fgf', '1', '2019-01-04 06:38:48', '2019-01-04 06:38:48'),
(5, '9', 'public/documents/1/dsfsdf/tty', '1', '2019-01-04 06:38:53', '2019-01-04 06:38:53'),
(6, '9', 'public/documents/1/dsfsdf/fgf', '1', '2019-01-04 06:38:53', '2019-01-04 06:38:53'),
(7, '2', 'public/documents/1/dsfsdf/tty/21.7 Chrysanthemum (1) (1) - Copy - Copy (2) - Copy - Copy - Copy (6).jpg', '1', '2019-01-04 06:39:06', '2019-01-04 06:39:06'),
(8, '2', 'public/documents/1/dsfsdf/tty/21.7 Chrysanthemum (1) (1) - Copy - Copy (2) - Copy - Copy - Copy.jpg', '1', '2019-01-04 06:39:06', '2019-01-04 06:39:06'),
(9, '5', 'public/documents/1/dsfsdf/tty', '1', '2019-01-04 06:39:18', '2019-01-04 06:39:18'),
(10, '5', 'public/documents/1/dsfsdf/fgf', '1', '2019-01-04 06:39:18', '2019-01-04 06:39:18'),
(11, '9', 'public/documents/1/dsfsdf/tty', '1', '2019-01-04 06:39:23', '2019-01-04 06:39:23'),
(12, '9', 'public/documents/1/dsfsdf/fgf', '1', '2019-01-04 06:39:23', '2019-01-04 06:39:23'),
(13, '2', 'public/documents/1/dsfsdf/fgf/21.7 Chrysanthemum (1) (1) - Copy - Copy (2) - Copy - Copy - Copy (6).jpg', '1', '2019-01-04 06:40:08', '2019-01-04 06:40:08'),
(14, '2', 'public/documents/1/dsfsdf/fgf/21.7 Chrysanthemum (1) (1) - Copy - Copy (2) - Copy - Copy - Copy.jpg', '1', '2019-01-04 06:40:08', '2019-01-04 06:40:08'),
(15, '2', 'public/documents/1/dsfsdf/fgf/22 Desert (2).pdf', '1', '2019-01-04 06:40:08', '2019-01-04 06:40:08'),
(16, '2', 'public/documents/1/dsfsdf/4A32687A-6947-43F3-B4B4-85C302DE1D7C.jpeg', '1', '2019-01-04 06:41:32', '2019-01-04 06:41:32'),
(17, '2', 'public/documents/1/dsfsdf/5 27B0CE0F-007D-4D13-817F-ED2A8E1323DF (1) (1).jpeg', '1', '2019-01-04 06:41:32', '2019-01-04 06:41:32'),
(18, '2', 'public/documents/1/dsfsdf/5 27B0CE0F-007D-4D13-817F-ED2A8E1323DF (1).jpeg', '1', '2019-01-04 06:41:33', '2019-01-04 06:41:33'),
(19, '2', 'public/documents/1/dsfsdf/5 27B0CE0F-007D-4D13-817F-ED2A8E1323DF.jpeg', '1', '2019-01-04 06:41:33', '2019-01-04 06:41:33'),
(20, '2', 'public/documents/1/dsfsdf/6 25367832364_Current Permissions (3) (1).xlsx', '1', '2019-01-04 06:41:33', '2019-01-04 06:41:33'),
(21, '2', 'public/documents/1/dsfsdf/6 25367832364_Current Permissions (3) (2).xlsx', '1', '2019-01-04 06:41:33', '2019-01-04 06:41:33'),
(22, '6', 'public/documents/1/dsfsdf/4A32687A-6947-43F3-B4B4-85C302DE1D7C.jpeg', '1', '2019-01-04 06:41:46', '2019-01-04 06:41:46'),
(23, '10', 'public/documents/1/dsfsdf/4A32687A-6947-43F3-B4B4-85C302DE1D7C.jpeg', '1', '2019-01-04 06:41:50', '2019-01-04 06:41:50'),
(24, '6', 'public/documents/1/dsfsdf/5 27B0CE0F-007D-4D13-817F-ED2A8E1323DF (1) (1).jpeg', '1', '2019-01-04 06:42:08', '2019-01-04 06:42:08'),
(25, '6', 'public/documents/1/dsfsdf/5 27B0CE0F-007D-4D13-817F-ED2A8E1323DF (1).jpeg', '1', '2019-01-04 06:42:08', '2019-01-04 06:42:08'),
(26, '6', 'public/documents/1/dsfsdf/5 27B0CE0F-007D-4D13-817F-ED2A8E1323DF.jpeg', '1', '2019-01-04 06:42:08', '2019-01-04 06:42:08'),
(27, '6', 'public/documents/1/dsfsdf/6 25367832364_Current Permissions (3) (1).xlsx', '1', '2019-01-04 06:42:08', '2019-01-04 06:42:08'),
(28, '6', 'public/documents/1/dsfsdf/6 25367832364_Current Permissions (3) (2).xlsx', '1', '2019-01-04 06:42:08', '2019-01-04 06:42:08'),
(29, '6', 'public/documents/1/dsfsdf/4A32687A-6947-43F3-B4B4-85C302DE1D7C.jpeg', '1', '2019-01-04 06:42:08', '2019-01-04 06:42:08'),
(30, '10', 'public/documents/1/dsfsdf/5 27B0CE0F-007D-4D13-817F-ED2A8E1323DF (1) (1).jpeg', '1', '2019-01-04 06:42:13', '2019-01-04 06:42:13'),
(31, '10', 'public/documents/1/dsfsdf/5 27B0CE0F-007D-4D13-817F-ED2A8E1323DF (1).jpeg', '1', '2019-01-04 06:42:14', '2019-01-04 06:42:14'),
(32, '10', 'public/documents/1/dsfsdf/5 27B0CE0F-007D-4D13-817F-ED2A8E1323DF.jpeg', '1', '2019-01-04 06:42:14', '2019-01-04 06:42:14'),
(33, '10', 'public/documents/1/dsfsdf/6 25367832364_Current Permissions (3) (1).xlsx', '1', '2019-01-04 06:42:14', '2019-01-04 06:42:14'),
(34, '10', 'public/documents/1/dsfsdf/6 25367832364_Current Permissions (3) (2).xlsx', '1', '2019-01-04 06:42:14', '2019-01-04 06:42:14'),
(35, '10', 'public/documents/1/dsfsdf/4A32687A-6947-43F3-B4B4-85C302DE1D7C.jpeg', '1', '2019-01-04 06:42:14', '2019-01-04 06:42:14'),
(36, '1', 'public/documents/1/dsfsdf/fgf/hj', '1', '2019-01-04 06:43:11', '2019-01-04 06:43:11'),
(37, '11', 'public/documents/1/dsfsdf/fgf/22 Desert (2).pdf', '1', '2019-01-04 06:43:13', '2019-01-04 06:43:13'),
(38, '11', 'public/documents/1/dsfsdf/fgf/21.7 Chrysanthemum (1) (1) - Copy - Copy (2) - Copy - Copy - Copy.jpg', '1', '2019-01-04 06:43:15', '2019-01-04 06:43:15'),
(39, '11', 'public/documents/1/dsfsdf/fgf/21.7 Chrysanthemum (1) (1) - Copy - Copy (2) - Copy - Copy - Copy (6).jpg', '1', '2019-01-04 06:43:17', '2019-01-04 06:43:17'),
(40, '11', 'public/documents/1/dsfsdf/5 27B0CE0F-007D-4D13-817F-ED2A8E1323DF (1) (1).jpeg', '1', '2019-01-04 06:43:37', '2019-01-04 06:43:37'),
(41, '11', 'public/documents/1/dsfsdf/5 27B0CE0F-007D-4D13-817F-ED2A8E1323DF (1).jpeg', '1', '2019-01-04 06:43:39', '2019-01-04 06:43:39'),
(42, '11', 'public/documents/1/dsfsdf/5 27B0CE0F-007D-4D13-817F-ED2A8E1323DF.jpeg', '1', '2019-01-04 06:43:42', '2019-01-04 06:43:42'),
(43, '11', 'public/documents/1/dsfsdf/6 25367832364_Current Permissions (3) (1).xlsx', '1', '2019-01-04 06:43:44', '2019-01-04 06:43:44'),
(44, '11', 'public/documents/1/dsfsdf/6 25367832364_Current Permissions (3) (2).xlsx', '1', '2019-01-04 06:43:46', '2019-01-04 06:43:46'),
(45, '11', 'public/documents/1/dsfsdf/4A32687A-6947-43F3-B4B4-85C302DE1D7C.jpeg', '1', '2019-01-04 06:43:48', '2019-01-04 06:43:48'),
(46, '5', 'public/documents/1/dsfsdf/tty', '1', '2019-01-04 06:44:05', '2019-01-04 06:44:05'),
(47, '5', 'public/documents/1/dsfsdf/fgf', '1', '2019-01-04 06:44:06', '2019-01-04 06:44:06'),
(48, '1', 'public/documents/1/dsfsdf/fdf', '1', '2019-01-04 06:44:29', '2019-01-04 06:44:29'),
(49, '2', 'public/documents/1/dsfsdf/fdf/21.7 Chrysanthemum (1) (1) - Copy - Copy (2) - Copy - Copy - Copy.jpg', '1', '2019-01-04 06:44:34', '2019-01-04 06:44:34'),
(50, '5', 'public/documents/1/dsfsdf/fdf', '1', '2019-01-04 06:44:49', '2019-01-04 06:44:49'),
(51, '9', 'public/documents/1/dsfsdf/fdf', '1', '2019-01-04 06:45:04', '2019-01-04 06:45:04'),
(52, '5', 'public/documents/1/dsfsdf/fdf', '1', '2019-01-04 06:49:41', '2019-01-04 06:49:41'),
(53, '1', 'public/documents/1/dsfsdf/fdf', '1', '2019-01-04 06:49:45', '2019-01-04 06:49:45'),
(54, '5', 'public/documents/1/dsfsdf/fdf', '1', '2019-01-04 06:50:02', '2019-01-04 06:50:02'),
(55, '9', 'public/documents/1/dsfsdf/fdf', '1', '2019-01-04 06:50:09', '2019-01-04 06:50:09'),
(56, '9', 'public/documents/1/dsfsdf/fdf(2)', '1', '2019-01-04 06:50:13', '2019-01-04 06:50:13'),
(57, '5', 'public/documents/1/dsfsdf/fdf', '1', '2019-01-04 06:50:22', '2019-01-04 06:50:22'),
(58, '5', 'public/documents/1/dsfsdf/fdf(2)', '1', '2019-01-04 06:50:22', '2019-01-04 06:50:22'),
(59, '1', 'public/documents/1/dsfsdf/d', '1', '2019-01-04 06:50:31', '2019-01-04 06:50:31'),
(60, '2', 'public/documents/1/dsfsdf/d/5 27B0CE0F-007D-4D13-817F-ED2A8E1323DF (1).jpeg', '1', '2019-01-04 06:50:37', '2019-01-04 06:50:37'),
(61, '5', 'public/documents/1/dsfsdf/d', '1', '2019-01-04 06:50:41', '2019-01-04 06:50:41'),
(62, '1', 'public/documents/1/dsfsdf/d', '1', '2019-01-04 06:50:48', '2019-01-04 06:50:48'),
(63, '9', 'public/documents/1/dsfsdf/d(2)', '1', '2019-01-04 06:52:05', '2019-01-04 06:52:05'),
(64, '5', 'public/documents/1/dsfsdf/d', '1', '2019-01-04 06:57:40', '2019-01-04 06:57:40'),
(65, '5', 'public/documents/1/dsfsdf/d(2)', '1', '2019-01-04 06:57:40', '2019-01-04 06:57:40'),
(66, '1', 'public/documents/1/dsfsdf/y', '1', '2019-01-04 06:57:59', '2019-01-04 06:57:59'),
(67, '2', 'public/documents/1/dsfsdf/y/21.7 Chrysanthemum (1) (1) - Copy - Copy (2) - Copy - Copy - Copy (6).jpg', '1', '2019-01-04 06:58:05', '2019-01-04 06:58:05'),
(68, '5', 'public/documents/1/dsfsdf/y', '1', '2019-01-04 06:58:10', '2019-01-04 06:58:10'),
(69, '9', 'public/documents/1/dsfsdf/y', '1', '2019-01-04 06:58:13', '2019-01-04 06:58:13'),
(70, '5', 'public/documents/1/dsfsdf/y', '1', '2019-01-04 06:58:31', '2019-01-04 06:58:31'),
(71, '1', 'public/documents/1/dsfsdf/y', '1', '2019-01-04 06:58:39', '2019-01-04 06:58:39'),
(72, '9', 'public/documents/1/dsfsdf/y(2)', '1', '2019-01-04 06:58:45', '2019-01-04 06:58:45'),
(73, '2', 'public/documents/1/dsfsdf/Hydrangeas (1).jpg', '1', '2019-01-04 07:01:49', '2019-01-04 07:01:49'),
(74, '1', 'public/documents/1/dsfsdf/re', '1', '2019-01-04 07:10:20', '2019-01-04 07:10:20'),
(75, '2', 'public/documents/1/dsfsdf/21.7 Chrysanthemum (1) (1) - Copy - Copy (2) - Copy - Copy - Copy (6).jpg', '1', '2019-01-04 07:10:25', '2019-01-04 07:10:25'),
(76, '2', 'public/documents/1/dsfsdf/21.7 Chrysanthemum (1) (1) - Copy - Copy (2) - Copy - Copy - Copy.jpg', '1', '2019-01-04 07:10:25', '2019-01-04 07:10:25'),
(77, '1', 'public/documents/1/dsfsdf/(2)', '1', '2019-01-04 08:19:49', '2019-01-04 08:19:49'),
(78, '1', 'public/documents/1/dsfsdf/h', '1', '2019-01-04 08:19:56', '2019-01-04 08:19:56'),
(79, '1', 'public/documents/1/dsfsdf/dsfsdf', '1', '2019-01-04 08:25:03', '2019-01-04 08:25:03'),
(80, '25', 'public/documents/1/dsfsdf/y', '1', '2019-01-06 23:53:48', '2019-01-06 23:53:48'),
(81, '26', 'public/documents/1/dsfsdf/Hydrangeas (1).jpg', '1', '2019-01-06 23:54:10', '2019-01-06 23:54:10'),
(82, '7', 'public/documents/1/dsfsdf/Hydrangeas (1).jpg', '1', '2019-01-07 06:26:40', '2019-01-07 06:26:40'),
(83, '11', 'public/documents/1/dsfsdf/Hydrangeas (1).jpg', '6', '2019-01-07 09:05:07', '2019-01-07 09:05:07'),
(84, '11', 'public/documents/1/dsfsdf/21.7 Chrysanthemum (1) (1) - Copy - Copy (2) - Copy - Copy - Copy (6).jpg', '6', '2019-01-07 09:05:15', '2019-01-07 09:05:15'),
(85, '11', 'public/documents/1/dsfsdf/21.7 Chrysanthemum (1) (1) - Copy - Copy (2) - Copy - Copy - Copy.jpg', '6', '2019-01-07 09:05:18', '2019-01-07 09:05:18'),
(86, '1', 'public/documents/6/fdgfdgf/fdgfdg', '6', '2019-01-07 23:54:31', '2019-01-07 23:54:31'),
(87, '2', 'public/documents/6/fdgfdgf/21.7 Chrysanthemum (1) (1) - Copy - Copy (2) - Copy - Copy - Copy (5).jpg', '6', '2019-01-07 23:54:38', '2019-01-07 23:54:38'),
(88, '11', 'public/documents/6/fdgfdgf/21.7 Chrysanthemum (1) (1) - Copy - Copy (2) - Copy - Copy - Copy (5).jpg', '6', '2019-01-07 23:54:43', '2019-01-07 23:54:43'),
(89, '2', 'public/documents/6/fdgfdgf/21.7 Chrysanthemum (1) (1) - Copy - Copy (2) - Copy - Copy - Copy (6).jpg', '6', '2019-01-07 23:54:50', '2019-01-07 23:54:50'),
(90, '2', 'public/documents/6/fdgfdgf/21.7 Chrysanthemum (1) (1) - Copy - Copy (2) - Copy - Copy - Copy.jpg', '6', '2019-01-07 23:54:51', '2019-01-07 23:54:51'),
(91, '2', 'public/documents/6/fdgfdgf/22 Desert (2).pdf', '6', '2019-01-07 23:54:51', '2019-01-07 23:54:51'),
(92, '2', 'public/documents/6/fdgfdgf/27B0CE0F-007D-4D13-817F-ED2A8E1323DF (1).jpeg', '6', '2019-01-07 23:54:51', '2019-01-07 23:54:51'),
(93, '2', 'public/documents/6/fdgfdgf/27B0CE0F-007D-4D13-817F-ED2A8E1323DF (2).jpeg', '6', '2019-01-07 23:54:51', '2019-01-07 23:54:51'),
(94, '1', 'public/documents/6/fdgfdgf/gfg', '6', '2019-01-07 23:54:56', '2019-01-07 23:54:56'),
(95, '11', 'public/documents/6/fdgfdgf/27B0CE0F-007D-4D13-817F-ED2A8E1323DF (1).jpeg', '6', '2019-01-07 23:54:59', '2019-01-07 23:54:59'),
(96, '11', 'public/documents/6/fdgfdgf/21.7 Chrysanthemum (1) (1) - Copy - Copy (2) - Copy - Copy - Copy.jpg', '6', '2019-01-07 23:55:01', '2019-01-07 23:55:01'),
(97, '11', 'public/documents/6/fdgfdgf/21.7 Chrysanthemum (1) (1) - Copy - Copy (2) - Copy - Copy - Copy (6).jpg', '6', '2019-01-07 23:55:04', '2019-01-07 23:55:04'),
(98, '11', 'public/documents/6/fdgfdgf/27B0CE0F-007D-4D13-817F-ED2A8E1323DF (2).jpeg', '6', '2019-01-07 23:55:07', '2019-01-07 23:55:07'),
(99, '11', 'public/documents/6/fdgfdgf/22 Desert (2).pdf', '6', '2019-01-07 23:55:09', '2019-01-07 23:55:09'),
(100, '1', 'public/documents/6/fdgfdgf/fdgfdg/hj', '6', '2019-01-08 06:06:20', '2019-01-08 06:06:20'),
(101, '11', 'public/documents/6/fdgfdgf/fdgfdg/21.7 Chrysanthemum (1) (1) - Copy - Copy (2) - Copy - Copy - Copy.jpg', '6', '2019-01-08 06:06:22', '2019-01-08 06:06:22'),
(102, '11', 'public/documents/6/fdgfdgf/fdgfdg/21.7 Chrysanthemum (1) (1) - Copy - Copy (2) - Copy - Copy - Copy (5).jpg', '6', '2019-01-08 06:06:24', '2019-01-08 06:06:24'),
(103, '11', 'public/documents/6/fdgfdgf/fdgfdg/27B0CE0F-007D-4D13-817F-ED2A8E1323DF (2).jpeg', '6', '2019-01-08 06:06:27', '2019-01-08 06:06:27'),
(104, '1', 'public/documents/6/fdgfdgf/ryhru', '6', '2019-01-09 02:58:26', '2019-01-09 02:58:26'),
(105, '2', 'public/documents/6/fdgfdgf/21.7 Chrysanthemum (1) (1) - Copy - Copy (2) - Copy - Copy - Copy (4) (2).jpg', '6', '2019-01-09 02:58:35', '2019-01-09 02:58:35'),
(106, '2', 'public/documents/6/fdgfdgf/21.7 Chrysanthemum (1) (1) - Copy - Copy (2) - Copy - Copy - Copy (4).jpg', '6', '2019-01-09 02:58:36', '2019-01-09 02:58:36'),
(107, '2', 'public/documents/6/fdgfdgf/21.7 Chrysanthemum (1) (1) - Copy - Copy (2) - Copy - Copy - Copy (5).jpg', '6', '2019-01-09 02:58:36', '2019-01-09 02:58:36'),
(108, '2', 'public/documents/6/fdgfdgf/21.7 Chrysanthemum (1) (1) - Copy - Copy (2) - Copy - Copy - Copy (6).jpg', '6', '2019-01-09 02:58:36', '2019-01-09 02:58:36'),
(109, '2', 'public/documents/6/fdgfdgf/21.7 Chrysanthemum (1) (1) - Copy - Copy (2) - Copy - Copy - Copy.jpg', '6', '2019-01-09 02:58:36', '2019-01-09 02:58:36'),
(110, '2', 'public/documents/6/fdgfdgf/22 Desert (2).pdf', '6', '2019-01-09 02:58:36', '2019-01-09 02:58:36'),
(111, '11', 'public/documents/6/fdgfdgf/21.7 Chrysanthemum (1) (1) - Copy - Copy (2) - Copy - Copy - Copy (4) (2).jpg', '6', '2019-01-09 02:58:40', '2019-01-09 02:58:40'),
(112, '11', 'public/documents/6/fdgfdgf/21.7 Chrysanthemum (1) (1) - Copy - Copy (2) - Copy - Copy - Copy (4).jpg', '6', '2019-01-09 02:58:43', '2019-01-09 02:58:43'),
(113, '11', 'public/documents/6/fdgfdgf/21.7 Chrysanthemum (1) (1) - Copy - Copy (2) - Copy - Copy - Copy (5).jpg', '6', '2019-01-09 02:58:45', '2019-01-09 02:58:45'),
(114, '11', 'public/documents/6/fdgfdgf/21.7 Chrysanthemum (1) (1) - Copy - Copy (2) - Copy - Copy - Copy.jpg', '6', '2019-01-09 02:58:48', '2019-01-09 02:58:48'),
(115, '2', 'public/documents/6/dg/Get Started with Dropbox Paper.url', '6', '2019-01-10 03:34:03', '2019-01-10 03:34:03'),
(116, '2', 'public/documents/6/dg/Get Started with Dropbox.pdf', '6', '2019-01-10 03:34:03', '2019-01-10 03:34:03'),
(117, '7', 'public/documents/6/dg/Get Started with Dropbox Paper.url', '6', '2019-01-10 03:34:50', '2019-01-10 03:34:50'),
(118, '6', 'public/documents/6/dg/Get Started with Dropbox Paper.url', '6', '2019-01-10 03:35:03', '2019-01-10 03:35:03'),
(119, '7', 'public/documents/6/dg/Get Started with Dropbox.pdf', '6', '2019-01-10 03:36:43', '2019-01-10 03:36:43'),
(120, '6', 'public/documents/6/dg/Get Started with Dropbox.pdf', '6', '2019-01-10 03:37:06', '2019-01-10 03:37:06'),
(121, '2', 'public/documents/6/dg/Chrysanthemum.jpg', '6', '2019-01-10 03:38:00', '2019-01-10 03:38:00'),
(122, '2', 'public/documents/6/dg/Desert.jpg', '6', '2019-01-10 03:38:00', '2019-01-10 03:38:00'),
(123, '2', 'public/documents/6/dg/Hydrangeas.jpg', '6', '2019-01-10 03:38:00', '2019-01-10 03:38:00'),
(124, '2', 'public/documents/6/dg/Jellyfish.jpg', '6', '2019-01-10 03:38:00', '2019-01-10 03:38:00'),
(125, '2', 'public/documents/6/dg/Koala.jpg', '6', '2019-01-10 03:38:00', '2019-01-10 03:38:00'),
(126, '2', 'public/documents/6/dg/Lighthouse.jpg', '6', '2019-01-10 03:38:01', '2019-01-10 03:38:01'),
(127, '2', 'public/documents/6/dg/Penguins.jpg', '6', '2019-01-10 03:38:01', '2019-01-10 03:38:01'),
(128, '2', 'public/documents/6/dg/Tulips.jpg', '6', '2019-01-10 03:38:01', '2019-01-10 03:38:01'),
(129, '7', 'public/documents/6/dg/Chrysanthemum.jpg', '6', '2019-01-10 03:38:10', '2019-01-10 03:38:10'),
(130, '2', 'public/documents/6/dg/2018-12-28.jpg', '6', '2019-01-10 03:39:32', '2019-01-10 03:39:32'),
(131, '2', 'public/documents/6/dg/WTA.jpg', '6', '2019-01-10 03:39:32', '2019-01-10 03:39:32'),
(132, '7', 'public/documents/6/dg/Chrysanthemum.jpg', '6', '2019-01-10 03:56:24', '2019-01-10 03:56:24'),
(133, '6', 'public/documents/6/dg/Koala.jpg', '6', '2019-01-10 05:52:34', '2019-01-10 05:52:34'),
(134, '10', 'public/documents/6/dg/Koala.jpg', '6', '2019-01-10 05:52:52', '2019-01-10 05:52:52'),
(135, '1', 'public/documents/6/dg/aaaa', '6', '2019-01-10 05:53:12', '2019-01-10 05:53:12'),
(136, '5', 'public/documents/6/dg/aaaa', '6', '2019-01-10 05:53:20', '2019-01-10 05:53:20'),
(137, '1', 'public/documents/6/dg/aaaa', '6', '2019-01-10 05:53:31', '2019-01-10 05:53:31'),
(138, '9', 'public/documents/6/dg/aaaa(2)', '6', '2019-01-10 05:53:39', '2019-01-10 05:53:39'),
(139, '6', 'public/documents/6/dg/Chrysanthemum.jpg', '6', '2019-01-10 06:27:55', '2019-01-10 06:27:55'),
(140, '7', 'public/documents/6/dg/Hydrangeas.jpg', '6', '2019-01-10 06:38:15', '2019-01-10 06:38:15'),
(141, '7', 'public/documents/6/dg/Hydrangeas.jpg', '6', '2019-01-10 06:39:08', '2019-01-10 06:39:08'),
(142, '2', 'public/documents/6/dg/homepage.php', '6', '2019-01-11 01:32:30', '2019-01-11 01:32:30'),
(143, '2', 'public/documents/6/dg/Renewal-Project-Scoring-Rubric.pdf', '6', '2019-01-11 01:32:42', '2019-01-11 01:32:42'),
(144, '7', 'public/documents/6/dg/Desert.jpg', '6', '2019-01-11 01:33:04', '2019-01-11 01:33:04'),
(145, '7', 'public/documents/6/dg/Desert.jpg', '6', '2019-01-11 01:33:22', '2019-01-11 01:33:22'),
(146, '11', 'public/documents/6/dg/Desert.jpg', '6', '2019-01-11 01:34:02', '2019-01-11 01:34:02'),
(147, '13', 'public/documents/6/dg/Jellyfish.jpg', '6', '2019-01-11 01:34:10', '2019-01-11 01:34:10'),
(148, '6', 'public/documents/6/dg/WTA.jpg', '6', '2019-01-11 01:40:47', '2019-01-11 01:40:47'),
(149, '6', 'public/documents/6/dg/Koala.jpg', '6', '2019-01-11 01:40:47', '2019-01-11 01:40:47'),
(150, '6', 'public/documents/6/dg/homepage.php', '6', '2019-01-11 01:40:47', '2019-01-11 01:40:47'),
(151, '6', 'public/documents/6/dg/Renewal-Project-Scoring-Rubric.pdf', '6', '2019-01-11 01:40:47', '2019-01-11 01:40:47'),
(152, '6', 'public/documents/6/dg/Lighthouse.jpg', '6', '2019-01-11 01:40:56', '2019-01-11 01:40:56'),
(153, '6', 'public/documents/6/dg/Penguins.jpg', '6', '2019-01-11 01:40:56', '2019-01-11 01:40:56'),
(154, '6', 'public/documents/6/dg/Tulips.jpg', '6', '2019-01-11 01:40:56', '2019-01-11 01:40:56'),
(155, '6', 'public/documents/6/dg/2018-12-28.jpg', '6', '2019-01-11 01:40:56', '2019-01-11 01:40:56'),
(156, '2', 'public/documents/6/dg/WTA.jpg', '6', '2019-01-11 01:44:03', '2019-01-11 01:44:03'),
(157, '10', 'public/documents/6/dg/Get Started with Dropbox Paper.url', '6', '2019-01-11 01:44:10', '2019-01-11 01:44:10'),
(158, '10', 'public/documents/6/dg/Get Started with Dropbox.pdf', '6', '2019-01-11 01:44:11', '2019-01-11 01:44:11'),
(159, '10', 'public/documents/6/dg/Chrysanthemum.jpg', '6', '2019-01-11 01:44:11', '2019-01-11 01:44:11'),
(160, '10', 'public/documents/6/dg/WTA(2).jpg', '6', '2019-01-11 01:44:11', '2019-01-11 01:44:11'),
(161, '10', 'public/documents/6/dg/Koala.jpg', '6', '2019-01-11 01:44:12', '2019-01-11 01:44:12'),
(162, '10', 'public/documents/6/dg/homepage.php', '6', '2019-01-11 01:44:12', '2019-01-11 01:44:12'),
(163, '10', 'public/documents/6/dg/Renewal-Project-Scoring-Rubric.pdf', '6', '2019-01-11 01:44:12', '2019-01-11 01:44:12'),
(164, '10', 'public/documents/6/dg/Lighthouse.jpg', '6', '2019-01-11 01:44:12', '2019-01-11 01:44:12'),
(165, '10', 'public/documents/6/dg/Penguins.jpg', '6', '2019-01-11 01:44:13', '2019-01-11 01:44:13'),
(166, '10', 'public/documents/6/dg/Tulips.jpg', '6', '2019-01-11 01:44:13', '2019-01-11 01:44:13'),
(167, '10', 'public/documents/6/dg/2018-12-28.jpg', '6', '2019-01-11 01:44:14', '2019-01-11 01:44:14'),
(168, '2', 'public/documents/6/dg/file_example_XLSX_5000.xlsx', '6', '2019-01-11 01:50:09', '2019-01-11 01:50:09'),
(169, '2', 'public/documents/6/dg/SampleXLSFile_19kb.xls', '6', '2019-01-11 01:50:09', '2019-01-11 01:50:09'),
(170, '2', 'public/documents/6/dg/zip.zip', '6', '2019-01-11 01:51:20', '2019-01-11 01:51:20'),
(171, '2', 'public/documents/6/dg/Chrysanthemum - Copy.jpg', '6', '2019-01-11 01:54:35', '2019-01-11 01:54:35'),
(172, '2', 'public/documents/6/dg/Desert - Copy.jpg', '6', '2019-01-11 01:54:35', '2019-01-11 01:54:35'),
(173, '2', 'public/documents/6/dg/Hydrangeas - Copy.jpg', '6', '2019-01-11 01:54:35', '2019-01-11 01:54:35'),
(174, '2', 'public/documents/6/dg/Jellyfish - Copy.jpg', '6', '2019-01-11 01:54:35', '2019-01-11 01:54:35'),
(175, '2', 'public/documents/6/dg/Koala - Copy.jpg', '6', '2019-01-11 01:54:36', '2019-01-11 01:54:36'),
(176, '2', 'public/documents/6/dg/Lighthouse - Copy.jpg', '6', '2019-01-11 01:54:36', '2019-01-11 01:54:36'),
(177, '2', 'public/documents/6/dg/Penguins - Copy.jpg', '6', '2019-01-11 01:54:36', '2019-01-11 01:54:36'),
(178, '2', 'public/documents/6/dg/Tulips - Copy.jpg', '6', '2019-01-11 01:54:36', '2019-01-11 01:54:36'),
(179, '11', 'public/documents/6/dg/Hydrangeas.jpg', '6', '2019-01-11 04:45:19', '2019-01-11 04:45:19'),
(180, '11', 'public/documents/6/dg/Jellyfish.jpg', '6', '2019-01-11 04:46:39', '2019-01-11 04:46:39'),
(181, '11', 'public/documents/6/dg/WTA.jpg', '6', '2019-01-11 04:46:41', '2019-01-11 04:46:41'),
(182, '7', 'public/documents/6/dg/aaaa/Jellyfish.jpg', '6', '2019-01-11 04:46:48', '2019-01-11 04:46:48'),
(183, '13', 'public/documents/6/dg/Get Started with Dropbox Paper.url', '6', '2019-01-11 04:46:52', '2019-01-11 04:46:52'),
(184, '13', 'public/documents/6/dg/aaaa/WTA.jpg', '6', '2019-01-11 04:47:03', '2019-01-11 04:47:03'),
(185, '2', 'public/documents/6/dataroom/2018-12-28.jpg', '6', '2019-01-11 05:02:16', '2019-01-11 05:02:16'),
(186, '2', 'public/documents/6/dataroom/file_example_XLSX_5000.xlsx', '6', '2019-01-11 05:02:16', '2019-01-11 05:02:16'),
(187, '2', 'public/documents/6/dataroom/SampleXLSFile_19kb.xls', '6', '2019-01-11 05:02:16', '2019-01-11 05:02:16'),
(188, '2', 'public/documents/6/dataroom/Chrysanthemum.jpg', '6', '2019-01-11 05:02:43', '2019-01-11 05:02:43'),
(189, '2', 'public/documents/6/dataroom/Desert.jpg', '6', '2019-01-11 05:02:44', '2019-01-11 05:02:44'),
(190, '2', 'public/documents/6/dataroom/Hydrangeas.jpg', '6', '2019-01-11 05:02:44', '2019-01-11 05:02:44'),
(191, '2', 'public/documents/6/dataroom/Jellyfish.jpg', '6', '2019-01-11 05:02:44', '2019-01-11 05:02:44'),
(192, '2', 'public/documents/6/dataroom/Koala.jpg', '6', '2019-01-11 05:02:44', '2019-01-11 05:02:44'),
(193, '2', 'public/documents/6/dataroom/Lighthouse.jpg', '6', '2019-01-11 05:02:45', '2019-01-11 05:02:45'),
(194, '2', 'public/documents/6/dataroom/Penguins.jpg', '6', '2019-01-11 05:02:45', '2019-01-11 05:02:45'),
(195, '2', 'public/documents/6/dataroom/Tulips.jpg', '6', '2019-01-11 05:02:45', '2019-01-11 05:02:45'),
(196, '1', 'public/documents/6/dataroom/file', '6', '2019-01-11 05:03:50', '2019-01-11 05:03:50'),
(197, '11', 'public/documents/6/dataroom/2018-12-28.jpg', '6', '2019-01-11 05:05:03', '2019-01-11 05:05:03'),
(198, '1', 'public/documents/6/dataroom/file/childfile', '6', '2019-01-11 05:06:25', '2019-01-11 05:06:25'),
(199, '11', 'public/documents/6/dataroom/file/2018-12-28.jpg', '6', '2019-01-11 05:06:37', '2019-01-11 05:06:37'),
(200, '5', 'public/documents/6/dataroom/file/childfile', '6', '2019-01-11 05:06:47', '2019-01-11 05:06:47'),
(201, '11', 'public/documents/6/dataroom/file_example_XLSX_5000.xlsx', '6', '2019-01-11 05:07:11', '2019-01-11 05:07:11'),
(202, '1', 'public/documents/6/dataroom/file/childfile', '6', '2019-01-11 05:07:24', '2019-01-11 05:07:24'),
(203, '11', 'public/documents/6/dataroom/file/file_example_XLSX_5000.xlsx', '6', '2019-01-11 05:07:29', '2019-01-11 05:07:29'),
(204, '2', 'public/documents/6/sdfd/Jellyfish.jpg', '6', '2019-01-11 05:09:11', '2019-01-11 05:09:11'),
(205, '1', 'public/documents/6/sdfd/fsd', '6', '2019-01-11 05:09:26', '2019-01-11 05:09:26'),
(206, '7', 'public/documents/6/sdfd/Jellyfish.jpg', '6', '2019-01-11 05:09:29', '2019-01-11 05:09:29'),
(207, '11', 'public/documents/6/sdfd/Jellyfish.jpg', '6', '2019-01-11 05:09:39', '2019-01-11 05:09:39'),
(208, '1', 'public/documents/6/pp/fd', '6', '2019-01-11 05:10:09', '2019-01-11 05:10:09'),
(209, '2', 'public/documents/6/pp/Koala.jpg', '6', '2019-01-11 05:10:15', '2019-01-11 05:10:15'),
(210, '11', 'public/documents/6/pp/Koala.jpg', '6', '2019-01-11 05:10:18', '2019-01-11 05:10:18'),
(211, '11', 'public/documents/6/dataroom/SampleXLSFile_19kb.xls', '6', '2019-01-11 05:11:36', '2019-01-11 05:11:36'),
(212, '11', 'public/documents/6/dataroom/Hydrangeas.jpg', '6', '2019-01-11 05:11:50', '2019-01-11 05:11:50'),
(213, '13', 'public/documents/6/dataroom/Koala.jpg', '6', '2019-01-11 05:12:36', '2019-01-11 05:12:36'),
(214, '6', 'public/documents/6/dataroom/file/Koala.jpg', '6', '2019-01-11 05:13:29', '2019-01-11 05:13:29'),
(215, '6', 'public/documents/6/dataroom/file/Hydrangeas.jpg', '6', '2019-01-11 05:13:35', '2019-01-11 05:13:35'),
(216, '5', 'public/documents/6/dataroom/file/childfile', '6', '2019-01-11 05:13:51', '2019-01-11 05:13:51'),
(217, '6', 'public/documents/6/dataroom/file/SampleXLSFile_19kb.xls', '6', '2019-01-11 05:13:51', '2019-01-11 05:13:51'),
(218, '26', 'public/documents/6/dataroom/Jellyfish.jpg', '6', '2019-01-11 05:15:43', '2019-01-11 05:15:43'),
(219, '5', 'public/documents/6/dataroom/file', '6', '2019-01-11 05:17:15', '2019-01-11 05:17:15'),
(220, '2', 'public/documents/6/new/Chrysanthemum.jpg', '6', '2019-01-11 05:18:09', '2019-01-11 05:18:09'),
(221, '2', 'public/documents/6/new/Desert.jpg', '6', '2019-01-11 05:18:09', '2019-01-11 05:18:09'),
(222, '2', 'public/documents/6/new/Hydrangeas.jpg', '6', '2019-01-11 05:18:10', '2019-01-11 05:18:10'),
(223, '2', 'public/documents/6/new/Jellyfish.jpg', '6', '2019-01-11 05:18:10', '2019-01-11 05:18:10'),
(224, '2', 'public/documents/6/new/Koala.jpg', '6', '2019-01-11 05:18:10', '2019-01-11 05:18:10'),
(225, '2', 'public/documents/6/new/Lighthouse.jpg', '6', '2019-01-11 05:18:10', '2019-01-11 05:18:10'),
(226, '2', 'public/documents/6/new/Penguins.jpg', '6', '2019-01-11 05:18:11', '2019-01-11 05:18:11'),
(227, '2', 'public/documents/6/new/Tulips.jpg', '6', '2019-01-11 05:18:11', '2019-01-11 05:18:11'),
(228, '1', 'public/documents/6/new/6958dsa', '6', '2019-01-11 05:18:22', '2019-01-11 05:18:22'),
(229, '13', 'public/documents/6/new/Chrysanthemum.jpg', '6', '2019-01-11 05:18:29', '2019-01-11 05:18:29'),
(230, '13', 'public/documents/6/new/Desert.jpg', '6', '2019-01-11 05:18:35', '2019-01-11 05:18:35'),
(231, '1', 'public/documents/6/new/6958dsa/963', '6', '2019-01-11 05:18:58', '2019-01-11 05:18:58'),
(232, '11', 'public/documents/6/new/6958dsa/Chrysanthemum.jpg', '6', '2019-01-11 05:19:00', '2019-01-11 05:19:00'),
(233, '13', 'public/documents/6/new/6958dsa/Desert.jpg', '6', '2019-01-11 05:19:06', '2019-01-11 05:19:06'),
(234, '7', 'public/documents/6/new/6958dsa/963/Chrysanthemum.jpg', '6', '2019-01-11 05:19:16', '2019-01-11 05:19:16'),
(235, '7', 'public/documents/6/new/6958dsa/963/Chrysanthemum.jpg', '6', '2019-01-11 05:19:23', '2019-01-11 05:19:23'),
(236, '7', 'public/documents/6/pp/fd/Koala.jpg', '6', '2019-01-11 05:20:01', '2019-01-11 05:20:01'),
(237, '13', 'public/documents/6/pp/fd/Koala.jpg', '6', '2019-01-11 05:20:09', '2019-01-11 05:20:09'),
(238, '6', 'public/documents/6/pp/fd/Koala.jpg', '6', '2019-01-11 05:20:18', '2019-01-11 05:20:18'),
(239, '7', 'public/documents/6/pp/Koala.jpg', '6', '2019-01-11 05:20:23', '2019-01-11 05:20:23'),
(240, '26', 'public/documents/6/pp/Koala.jpg', '6', '2019-01-11 05:20:29', '2019-01-11 05:20:29'),
(241, '7', 'public/documents/6/pp/Koala.jpg', '6', '2019-01-11 05:20:32', '2019-01-11 05:20:32'),
(242, '11', 'public/documents/6/pp/Koala.jpg', '6', '2019-01-11 05:21:16', '2019-01-11 05:21:16'),
(243, '13', 'public/documents/6/pp/fd/Koala.jpg', '6', '2019-01-11 05:21:31', '2019-01-11 05:21:31'),
(244, '6', 'public/documents/6/pp/fd/Koala.jpg', '6', '2019-01-11 05:21:36', '2019-01-11 05:21:36'),
(245, '1', 'public/documents/6/pp/ii', '6', '2019-01-11 05:22:03', '2019-01-11 05:22:03'),
(246, '11', 'public/documents/6/pp/Koala.jpg', '6', '2019-01-11 05:22:16', '2019-01-11 05:22:16'),
(247, '13', 'public/documents/6/pp/ii/Koala.jpg', '6', '2019-01-11 05:22:51', '2019-01-11 05:22:51'),
(248, '6', 'public/documents/6/pp/ii/Koala.jpg', '6', '2019-01-11 05:23:10', '2019-01-11 05:23:10'),
(249, '13', 'public/documents/6/pp/Koala.jpg', '6', '2019-01-11 05:25:09', '2019-01-11 05:25:09'),
(250, '13', 'public/documents/6/pp/Koala.jpg', '6', '2019-01-11 05:26:09', '2019-01-11 05:26:09'),
(251, '11', 'public/documents/6/pp/Koala.jpg', '6', '2019-01-11 05:26:15', '2019-01-11 05:26:15'),
(252, '7', 'public/documents/6/pp/ii/Koala.jpg', '6', '2019-01-11 05:36:33', '2019-01-11 05:36:33'),
(253, '7', 'public/documents/6/pp/ii/Koala.jpg', '6', '2019-01-11 05:38:16', '2019-01-11 05:38:16'),
(254, '13', 'public/documents/6/pp/fd/Koala.jpg', '6', '2019-01-11 05:43:33', '2019-01-11 05:43:33'),
(255, '6', 'public/documents/6/pp/Koala-copy-copy-copy-copy-copy-copy.jpg', '6', '2019-01-11 05:44:22', '2019-01-11 05:44:22'),
(256, '13', 'public/documents/6/pp/fd/Koala.jpg', '6', '2019-01-11 05:44:33', '2019-01-11 05:44:33'),
(257, '5', 'public/documents/6/pp/fd', '6', '2019-01-11 05:45:22', '2019-01-11 05:45:22'),
(258, '5', 'public/documents/6/pp/ii', '6', '2019-01-11 05:45:22', '2019-01-11 05:45:22'),
(259, '6', 'public/documents/6/pp/Koala-copy-copy-copy-copy-copy-copy.jpg', '6', '2019-01-11 05:45:22', '2019-01-11 05:45:22'),
(260, '1', 'public/documents/6/pp/child', '6', '2019-01-11 05:45:45', '2019-01-11 05:45:45'),
(261, '1', 'public/documents/6/pp/child(2)', '6', '2019-01-11 05:45:46', '2019-01-11 05:45:46'),
(262, '1', 'public/documents/6/pp/file', '6', '2019-01-11 05:45:59', '2019-01-11 05:45:59'),
(263, '2', 'public/documents/6/pp/file/Hydrangeas.jpg', '6', '2019-01-11 05:46:06', '2019-01-11 05:46:06'),
(264, '13', 'public/documents/6/pp/file/Hydrangeas.jpg', '6', '2019-01-11 05:46:13', '2019-01-11 05:46:13'),
(265, '13', 'public/documents/6/pp/file/Hydrangeas.jpg', '6', '2019-01-11 05:46:16', '2019-01-11 05:46:16'),
(266, '13', 'public/documents/6/pp/file/Hydrangeas.jpg', '6', '2019-01-11 05:46:19', '2019-01-11 05:46:19'),
(267, '13', 'public/documents/6/pp/file/Hydrangeas.jpg', '6', '2019-01-11 05:46:21', '2019-01-11 05:46:21'),
(268, '13', 'public/documents/6/pp/file/Hydrangeas.jpg', '6', '2019-01-11 05:46:22', '2019-01-11 05:46:22'),
(269, '13', 'public/documents/6/pp/file/Hydrangeas.jpg', '6', '2019-01-11 05:46:24', '2019-01-11 05:46:24'),
(270, '6', 'public/documents/6/pp/Hydrangeas.jpg', '6', '2019-01-11 05:46:34', '2019-01-11 05:46:34'),
(271, '13', 'public/documents/6/pp/child/Hydrangeas.jpg', '6', '2019-01-11 05:46:49', '2019-01-11 05:46:49'),
(272, '6', 'public/documents/6/pp/Hydrangeas.jpg', '6', '2019-01-11 05:47:28', '2019-01-11 05:47:28'),
(273, '13', 'public/documents/6/pp/file/Hydrangeas.jpg', '6', '2019-01-11 05:47:37', '2019-01-11 05:47:37'),
(274, '6', 'public/documents/6/pp/file/Hydrangeas.jpg', '6', '2019-01-11 05:57:51', '2019-01-11 05:57:51'),
(275, '7', 'public/documents/6/pp/Hydrangeas.jpg', '6', '2019-01-11 06:03:34', '2019-01-11 06:03:34'),
(276, '7', 'public/documents/6/pp/child/Hydrangeas-copy.jpg', '6', '2019-01-11 06:03:45', '2019-01-11 06:03:45'),
(277, '7', 'public/documents/6/pp/Hydrangeas.jpg', '6', '2019-01-11 06:04:15', '2019-01-11 06:04:15'),
(278, '1', 'public/documents/6/ds/sd', '6', '2019-01-11 06:06:04', '2019-01-11 06:06:04'),
(279, '2', 'public/documents/6/ds/Hydrangeas.jpg', '6', '2019-01-11 06:06:10', '2019-01-11 06:06:10'),
(280, '13', 'public/documents/6/ds/Hydrangeas.jpg', '6', '2019-01-11 06:06:30', '2019-01-11 06:06:30'),
(281, '6', 'public/documents/6/ds/sd/Hydrangeas.jpg', '6', '2019-01-11 06:07:08', '2019-01-11 06:07:08'),
(282, '11', 'public/documents/6/ds/Hydrangeas.jpg', '6', '2019-01-11 06:13:33', '2019-01-11 06:13:33'),
(283, '1', 'public/documents/6/ds/ihjii', '6', '2019-01-11 06:13:43', '2019-01-11 06:13:43'),
(284, '1', 'public/documents/6/ds/sd/JJI', '6', '2019-01-11 07:51:54', '2019-01-11 07:51:54'),
(285, '5', 'public/documents/6/ds/sd', '6', '2019-01-11 07:52:11', '2019-01-11 07:52:11'),
(286, '5', 'public/documents/6/ds/ihjii', '6', '2019-01-11 07:52:11', '2019-01-11 07:52:11'),
(287, '2', 'public/documents/6/ds/pk.jpg', '6', '2019-01-11 07:52:33', '2019-01-11 07:52:33'),
(288, '2', 'public/documents/6/ds/Jellyfish.jpg', '6', '2019-01-11 07:52:33', '2019-01-11 07:52:33'),
(289, '2', 'public/documents/6/ds/Koala.jpg', '6', '2019-01-11 07:52:33', '2019-01-11 07:52:33'),
(290, '1', 'public/documents/6/ds/SDFSDA74', '6', '2019-01-11 07:52:39', '2019-01-11 07:52:39'),
(291, '11', 'public/documents/6/ds/pk.jpg', '6', '2019-01-11 07:54:37', '2019-01-11 07:54:37'),
(292, '6', 'public/documents/6/ds/Jellyfish.jpg', '6', '2019-01-11 07:55:12', '2019-01-11 07:55:12'),
(293, '11', 'public/documents/6/ds/Koala.jpg', '6', '2019-01-11 07:55:59', '2019-01-11 07:55:59'),
(294, '1', 'public/documents/6/ds/SDFSDA74/JKK', '6', '2019-01-11 07:56:50', '2019-01-11 07:56:50'),
(295, '6', 'public/documents/6/ds/SDFSDA74/Koala.jpg', '6', '2019-01-11 07:57:01', '2019-01-11 07:57:01'),
(296, '11', 'public/documents/6/ds/SDFSDA74/pk.jpg', '6', '2019-01-11 07:57:34', '2019-01-11 07:57:34'),
(297, '2', 'public/documents/6/ds/Jellyfish.jpg', '6', '2019-01-11 07:57:55', '2019-01-11 07:57:55'),
(298, '13', 'public/documents/6/ds/Jellyfish.jpg', '6', '2019-01-11 07:58:02', '2019-01-11 07:58:02'),
(299, '6', 'public/documents/6/ds/SDFSDA74/Jellyfish.jpg', '6', '2019-01-11 07:58:07', '2019-01-11 07:58:07'),
(300, '7', 'public/documents/6/ds/Jellyfish.jpg', '6', '2019-01-11 08:05:26', '2019-01-11 08:05:26'),
(301, '13', 'public/documents/6/ds/Jellyfish.jpg', '6', '2019-01-11 08:05:36', '2019-01-11 08:05:36'),
(302, '6', 'public/documents/6/ds/SDFSDA74/Jellyfish.jpg', '6', '2019-01-11 08:05:41', '2019-01-11 08:05:41'),
(303, '5', 'public/documents/6/ds/SDFSDA74', '6', '2019-01-11 08:07:38', '2019-01-11 08:07:38'),
(304, '6', 'public/documents/6/ds/Jellyfish.jpg', '6', '2019-01-11 08:07:39', '2019-01-11 08:07:39'),
(305, '1', 'public/documents/6/ds/klklk', '6', '2019-01-11 08:07:50', '2019-01-11 08:07:50'),
(306, '2', 'public/documents/6/ds/Koala.jpg', '6', '2019-01-11 08:07:56', '2019-01-11 08:07:56'),
(307, '13', 'public/documents/6/ds/Koala.jpg', '6', '2019-01-11 08:08:02', '2019-01-11 08:08:02'),
(308, '6', 'public/documents/6/ds/klklk/Koala.jpg', '6', '2019-01-11 08:08:06', '2019-01-11 08:08:06'),
(309, '5', 'public/documents/6/ds/klklk', '6', '2019-01-11 08:10:58', '2019-01-11 08:10:58'),
(310, '6', 'public/documents/6/ds/Koala.jpg', '6', '2019-01-11 08:10:59', '2019-01-11 08:10:59'),
(311, '1', 'public/documents/6/ds/ghgh', '6', '2019-01-11 08:11:04', '2019-01-11 08:11:04'),
(312, '2', 'public/documents/6/ds/Renewal-Project-Scoring-Rubric.pdf', '6', '2019-01-11 08:11:12', '2019-01-11 08:11:12'),
(313, '11', 'public/documents/6/ds/Renewal-Project-Scoring-Rubric.pdf', '6', '2019-01-11 08:11:20', '2019-01-11 08:11:20'),
(314, '2', 'public/documents/6/ds/pk.jpg', '6', '2019-01-11 08:12:01', '2019-01-11 08:12:01'),
(315, '1', 'public/documents/6/ds/rtr', '6', '2019-01-11 08:12:18', '2019-01-11 08:12:18'),
(316, '13', 'public/documents/6/ds/pk.jpg', '6', '2019-01-11 08:14:23', '2019-01-11 08:14:23'),
(317, '6', 'public/documents/6/ds/rtr/pk.jpg', '6', '2019-01-11 08:14:41', '2019-01-11 08:14:41'),
(318, '13', 'public/documents/6/ds/pk.jpg', '6', '2019-01-11 08:24:57', '2019-01-11 08:24:57'),
(319, '6', 'public/documents/6/ds/rtr/pk.jpg', '6', '2019-01-11 08:25:03', '2019-01-11 08:25:03'),
(320, '13', 'public/documents/6/ds/pk.jpg', '6', '2019-01-11 08:27:38', '2019-01-11 08:27:38'),
(321, '6', 'public/documents/6/ds/rtr/pk.jpg', '6', '2019-01-11 08:27:41', '2019-01-11 08:27:41'),
(322, '13', 'public/documents/6/ds/pk.jpg', '6', '2019-01-11 08:32:17', '2019-01-11 08:32:17'),
(323, '6', 'public/documents/6/ds/rtr/pk.jpg', '6', '2019-01-11 08:32:23', '2019-01-11 08:32:23'),
(324, '13', 'public/documents/6/ds/pk.jpg', '6', '2019-01-11 08:34:09', '2019-01-11 08:34:09'),
(325, '6', 'public/documents/6/ds/rtr/pk.jpg', '6', '2019-01-11 08:34:17', '2019-01-11 08:34:17'),
(326, '13', 'public/documents/6/ds/pk.jpg', '6', '2019-01-11 08:35:23', '2019-01-11 08:35:23'),
(327, '6', 'public/documents/6/ds/rtr/pk.jpg', '6', '2019-01-11 08:35:27', '2019-01-11 08:35:27'),
(328, '11', 'public/documents/6/ds/pk.jpg', '6', '2019-01-11 08:35:30', '2019-01-11 08:35:30'),
(329, '1', 'public/documents/6/ds/ghgh/sgfdg', '6', '2019-01-11 08:35:42', '2019-01-11 08:35:42'),
(330, '11', 'public/documents/6/ds/ghgh/Renewal-Project-Scoring-Rubric.pdf', '6', '2019-01-11 08:35:46', '2019-01-11 08:35:46'),
(331, '5', 'public/documents/6/ds/ghgh/sgfdg', '6', '2019-01-11 08:35:54', '2019-01-11 08:35:54'),
(332, '1', 'public/documents/6/ds/erewr', '6', '2019-01-11 08:35:59', '2019-01-11 08:35:59'),
(333, '2', 'public/documents/6/ds/WTA.jpg', '6', '2019-01-11 08:36:04', '2019-01-11 08:36:04'),
(334, '11', 'public/documents/6/ds/WTA.jpg', '6', '2019-01-11 08:36:07', '2019-01-11 08:36:07'),
(335, '1', 'public/documents/6/ds/rtr/retr', '6', '2019-01-11 08:36:14', '2019-01-11 08:36:14'),
(336, '11', 'public/documents/6/ds/rtr/WTA.jpg', '6', '2019-01-11 08:36:42', '2019-01-11 08:36:42'),
(337, '12', 'public/documents/6/ds/erewr', '6', '2019-01-11 08:36:54', '2019-01-11 08:36:54'),
(338, '2', 'public/documents/6/ds/ghgh/erewr/Jellyfish.jpg', '6', '2019-01-11 08:37:01', '2019-01-11 08:37:01'),
(339, '5', 'public/documents/6/ds/ghgh', '6', '2019-01-11 08:38:53', '2019-01-11 08:38:53'),
(340, '5', 'public/documents/6/ds/rtr', '6', '2019-01-11 08:38:53', '2019-01-11 08:38:53'),
(341, '5', 'public/documents/6/ds/erewr', '6', '2019-01-11 08:38:54', '2019-01-11 08:38:54'),
(342, '1', 'public/documents/6/ds/sd', '6', '2019-01-11 08:39:07', '2019-01-11 08:39:07'),
(343, '2', 'public/documents/6/ds/23435247_2432922723599808_1020779383713976432_n.jpg', '6', '2019-01-11 08:46:09', '2019-01-11 08:46:09'),
(344, '2', 'public/documents/6/ds/23472921_2432921626933251_6927968673432051824_n.jpg', '6', '2019-01-11 08:46:09', '2019-01-11 08:46:09'),
(345, '2', 'public/documents/6/ds/pk.jpg', '6', '2019-01-11 08:46:09', '2019-01-11 08:46:09'),
(346, '11', 'public/documents/6/ds/23435247_2432922723599808_1020779383713976432_n.jpg', '6', '2019-01-11 08:46:14', '2019-01-11 08:46:14'),
(347, '13', 'public/documents/6/ds/sd/23435247_2432922723599808_1020779383713976432_n.jpg', '6', '2019-01-11 08:46:29', '2019-01-11 08:46:29'),
(348, '6', 'public/documents/6/ds/sd/23435247_2432922723599808_1020779383713976432_n.jpg', '6', '2019-01-11 08:47:23', '2019-01-11 08:47:23'),
(349, '11', 'public/documents/6/ds/23435247_2432922723599808_1020779383713976432_n.jpg', '6', '2019-01-11 08:47:30', '2019-01-11 08:47:30'),
(350, '13', 'public/documents/6/ds/sd/23435247_2432922723599808_1020779383713976432_n.jpg', '6', '2019-01-11 08:47:45', '2019-01-11 08:47:45'),
(351, '6', 'public/documents/6/ds/sd/23435247_2432922723599808_1020779383713976432_n.jpg', '6', '2019-01-11 08:47:54', '2019-01-11 08:47:54'),
(352, '11', 'public/documents/6/ds/23435247_2432922723599808_1020779383713976432_n.jpg', '6', '2019-01-11 08:48:09', '2019-01-11 08:48:09'),
(353, '1', 'public/documents/6/ds/file', '6', '2019-01-13 23:28:19', '2019-01-13 23:28:19'),
(354, '1', 'public/documents/6/ds/child-file', '6', '2019-01-13 23:33:46', '2019-01-13 23:33:46'),
(355, '1', 'public/documents/6/ds/child_file', '6', '2019-01-13 23:35:08', '2019-01-13 23:35:08'),
(356, '1', 'public/documents/6/ds/kimkjm_jjkj', '6', '2019-01-13 23:35:43', '2019-01-13 23:35:43'),
(357, '2', 'public/documents/6/ds/Koala.jpg', '6', '2019-01-14 02:39:11', '2019-01-14 02:39:11'),
(358, '2', 'public/documents/6/ds/Jellyfish.jpg', '6', '2019-01-14 02:44:57', '2019-01-14 02:44:57'),
(359, '1', 'public/documents/6/ds/child-file/599', '6', '2019-01-14 07:17:56', '2019-01-14 07:17:56'),
(360, '1', 'public/documents/6/ds/66', '6', '2019-01-14 23:09:55', '2019-01-14 23:09:55'),
(361, '1', 'public/documents/6/hjhjhj/jjhj', '6', '2019-01-15 02:11:04', '2019-01-15 02:11:04'),
(362, '2', 'public/documents/6/hjhjhj/WTA.jpg', '6', '2019-01-15 02:11:10', '2019-01-15 02:11:10'),
(363, '2', 'public/documents/6/hjhjhj/Koala.jpg', '6', '2019-01-15 02:11:17', '2019-01-15 02:11:17'),
(364, '1', 'public/documents/6/hjhjhj/file', '6', '2019-01-15 02:11:36', '2019-01-15 02:11:36'),
(365, '2', 'public/documents/6/hjhjhj/jjhj/23472921_2432921626933251_6927968673432051824_n.jpg', '6', '2019-01-15 02:17:19', '2019-01-15 02:17:19'),
(366, '1', 'public/documents/6/hjhjhj/file(2)', '6', '2019-01-15 02:21:29', '2019-01-15 02:21:29'),
(367, '1', 'public/documents/6/ds/child_file(2)', '6', '2019-01-15 05:38:47', '2019-01-15 05:38:47'),
(368, '1', 'public/documents/6/ds/xfsd/hjkghk', '6', '2019-01-15 05:38:54', '2019-01-15 05:38:54'),
(370, '1', 'public/documents/6/ds/_fdf', '6', '2019-01-15 09:54:55', '2019-01-15 09:54:55'),
(373, '1', 'public/documents/8/dataroom/file', '8', '2019-01-15 23:26:41', '2019-01-15 23:26:41'),
(374, '1', 'public/documents/8/dataroom/sdds', '8', '2019-01-15 23:28:57', '2019-01-15 23:28:57'),
(383, '1', 'public/documents/8/dataroom/fff_dd', '8', '2019-01-15 23:40:34', '2019-01-15 23:40:34'),
(385, '1', 'public/documents/8/dataroom/fdgf_ddfdf', '8', '2019-01-15 23:46:03', '2019-01-15 23:46:03'),
(387, '1', 'public/documents/8/dataroom/ddsffds', '8', '2019-01-15 23:47:05', '2019-01-15 23:47:05'),
(388, '1', 'public/documents/8/dataroom/sdsdf', '8', '2019-01-15 23:47:13', '2019-01-15 23:47:13'),
(389, '1', 'public/documents/8/dataroom/dfgfdgdf', '8', '2019-01-15 23:47:20', '2019-01-15 23:47:20'),
(390, '1', 'public/documents/8/dataroom/sjjksjka', '8', '2019-01-15 23:47:30', '2019-01-15 23:47:30'),
(391, '1', 'public/documents/8/dataroom/dsfd', '8', '2019-01-15 23:47:55', '2019-01-15 23:47:55'),
(392, '1', 'public/documents/8/dataroom/sasdf', '8', '2019-01-15 23:49:24', '2019-01-15 23:49:24'),
(393, '1', 'public/documents/8/dataroom/dfdf//', '8', '2019-01-15 23:49:32', '2019-01-15 23:49:32'),
(398, '1', 'public/documents/8/prodataroom/child_file', '8', '2019-01-16 00:25:17', '2019-01-16 00:25:17'),
(400, '1', 'public/documents/8/prodataroom/file', '8', '2019-01-16 00:27:39', '2019-01-16 00:27:39'),
(408, '1', 'public/documents/8/prodataroom/gf-jksd', '8', '2019-01-16 00:34:36', '2019-01-16 00:34:36'),
(410, '5', 'public/documents/8/prodataroom/8585', '8', '2019-01-16 00:35:23', '2019-01-16 00:35:23'),
(411, '2', 'public/documents/8/prodataroom/Koala.jpg', '8', '2019-01-16 00:36:39', '2019-01-16 00:36:39'),
(412, '1', 'public/documents/8/prodataroom/child_file(3)/vcbfggf', '8', '2019-01-16 01:15:51', '2019-01-16 01:15:51'),
(413, '3', 'public/documents/8/prodataroom/child_file(3)/vcbfggf', '8', '2019-01-16 01:16:03', '2019-01-16 01:16:03'),
(414, '1', 'public/documents/8/prodataroom/dfgd', '8', '2019-01-16 01:17:23', '2019-01-16 01:17:23'),
(415, '2', 'public/documents/8/uhiuhi/WTA.jpg', '8', '2019-01-16 01:18:00', '2019-01-16 01:18:00'),
(416, '1', 'public/documents/8/uhiuhi/file', '8', '2019-01-16 01:18:06', '2019-01-16 01:18:06'),
(417, '2', 'public/documents/8/uhiuhi/zip.zip', '8', '2019-01-16 05:12:37', '2019-01-16 05:12:37'),
(418, '2', 'public/documents/8/uhiuhi/23435247_2432922723599808_1020779383713976432_n.jpg', '8', '2019-01-16 05:12:53', '2019-01-16 05:12:53'),
(419, '2', 'public/documents/8/uhiuhi/23472921_2432921626933251_6927968673432051824_n.jpg', '8', '2019-01-16 05:12:53', '2019-01-16 05:12:53'),
(420, '2', 'public/documents/8/uhiuhi/pk.jpg', '8', '2019-01-16 05:12:54', '2019-01-16 05:12:54'),
(421, '2', 'public/documents/8/uhiuhi/Renewal-Project-Scoring-Rubric.pdf', '8', '2019-01-16 05:12:54', '2019-01-16 05:12:54'),
(422, '1', 'public/documents/8/uhiuhi/dgdg', '8', '2019-01-16 05:13:24', '2019-01-16 05:13:24'),
(423, '1', 'public/documents/8/uhiuhi/dfgd', '8', '2019-01-16 05:13:28', '2019-01-16 05:13:28'),
(424, '1', 'public/documents/8/uhiuhi/ghj', '8', '2019-01-16 05:13:33', '2019-01-16 05:13:33'),
(425, '7', 'public/documents/8/uhiuhi/23472921_2432921626933251_6927968673432051824_n.jpg', '8', '2019-01-16 05:32:12', '2019-01-16 05:32:12'),
(426, '7', 'public/documents/8/uhiuhi/Renewal-Project-Scoring-Rubric.pdf', '8', '2019-01-16 05:38:24', '2019-01-16 05:38:24'),
(427, '2', 'public/documents/8/gh/Koala.jpg', '8', '2019-01-18 08:09:32', '2019-01-18 08:09:32'),
(428, '7', 'public/documents/8/gh/Koala.jpg', '8', '2019-01-18 08:09:34', '2019-01-18 08:09:34'),
(429, '7', 'public/documents/8/gh/Koala.jpg', '8', '2019-01-18 08:09:54', '2019-01-18 08:09:54'),
(430, '2', 'public/documents/8/gh/23435247_2432922723599808_1020779383713976432_n.jpg', '8', '2019-01-20 23:42:11', '2019-01-20 23:42:11'),
(431, '2', 'public/documents/8/gh/23472921_2432921626933251_6927968673432051824_n.jpg', '8', '2019-01-20 23:42:12', '2019-01-20 23:42:12'),
(432, '2', 'public/documents/8/gh/Jellyfish.jpg', '8', '2019-01-20 23:42:12', '2019-01-20 23:42:12'),
(433, '2', 'public/documents/8/gh/pk.jpg', '8', '2019-01-20 23:42:13', '2019-01-20 23:42:13'),
(434, '2', 'public/documents/8/gh/Renewal-Project-Scoring-Rubric.pdf', '8', '2019-01-20 23:42:13', '2019-01-20 23:42:13'),
(435, '2', 'public/documents/8/gh/WTA.jpg', '8', '2019-01-20 23:42:14', '2019-01-20 23:42:14'),
(436, '2', 'public/documents/8/gh/zip.zip', '8', '2019-01-20 23:42:14', '2019-01-20 23:42:14'),
(437, '28', '179', '8', '2019-01-20 23:44:29', '2019-01-20 23:44:29'),
(438, '28', '180', '8', '2019-01-21 06:46:55', '2019-01-21 06:46:55'),
(439, '29', 'public/documents/8/gh', '8', '2019-01-21 08:08:53', '2019-01-21 08:08:53'),
(440, '14', 'public/documents/8/contriz', '8', '2019-01-21 08:09:45', '2019-01-21 08:09:45'),
(441, '28', '181', '8', '2019-01-21 08:09:45', '2019-01-21 08:09:45'),
(442, '28', '182', '8', '2019-01-21 08:10:19', '2019-01-21 08:10:19'),
(443, '28', '183', '8', '2019-01-21 08:10:57', '2019-01-21 08:10:57'),
(444, '28', '184', '8', '2019-01-21 08:11:19', '2019-01-21 08:11:19'),
(445, '28', '185', '8', '2019-01-21 08:11:58', '2019-01-21 08:11:58'),
(446, '29', 'public/documents/6/ds', '6', '2019-01-21 23:14:33', '2019-01-21 23:14:33');

-- --------------------------------------------------------

--
-- Table structure for table `users`
--

CREATE TABLE `users` (
  `id` int(10) UNSIGNED NOT NULL,
  `name` varchar(191) COLLATE utf8mb4_unicode_ci NOT NULL,
  `email` varchar(191) COLLATE utf8mb4_unicode_ci NOT NULL,
  `password` varchar(191) COLLATE utf8mb4_unicode_ci NOT NULL,
  `phone_no` varchar(191) COLLATE utf8mb4_unicode_ci NOT NULL,
  `remember_token` varchar(100) COLLATE utf8mb4_unicode_ci DEFAULT NULL,
  `created_at` timestamp NULL DEFAULT NULL,
  `updated_at` timestamp NULL DEFAULT NULL,
  `company` varchar(191) COLLATE utf8mb4_unicode_ci NOT NULL
) ENGINE=InnoDB DEFAULT CHARSET=utf8mb4 COLLATE=utf8mb4_unicode_ci;

--
-- Dumping data for table `users`
--

INSERT INTO `users` (`id`, `name`, `email`, `password`, `phone_no`, `remember_token`, `created_at`, `updated_at`, `company`) VALUES
(1, 'Priyanshu chauhan', 'priyanshu.chauhan@contriverz.com', '$2y$10$St2gxXSs1dxLMmMkJ6B59OOSn7IYuckp/uCWp/Cb0SJAsd3hyTwby', '7409610655', 'FSp5vskahwxAKi4xP9aINGIcBXty8IPZ5W74LuHrJ5Tcikf1Gm8PPgud5smL', '2018-12-27 07:25:12', '2019-01-07 05:31:57', 'Contriverz'),
(6, 'Ankit chauhan', 'ankit.chauhan@contriverz.com', '$2y$10$Jz3D.3TqVTpnvxkueGZ3Yuit7BxYnSmLK6BQJGKPHoyEgG36qL4ji', '444444422222', 'nZ8YaVRRXCx5NibnNIN6iouyfd867CPTxMDeBiDCAnkPXaTr1Rjmr68Ov3Rk', '2019-01-02 05:47:12', '2019-01-15 09:26:05', 'Contriverz'),
(7, 'Vishal', 'vishal.ojha@contriverz.com', '$2y$10$HZTrnJbc/tqp777qOUQk7O6/m3J9xBrbSM3di9OjivtJNRpJP2b9C', '23213232132', NULL, '2019-01-08 01:26:09', '2019-01-08 01:26:09', 'Contriverz'),
(8, 'parmod', 'pramod.kumar@contriverz.com', '$2y$10$f2UonFmJu5ts1C8M8sDe0.8VRsew/xdtplISZvLt7EOPQMcIBOuy.', '755859855', 'fM2dfnZX8lLurgK6xbM1Lmh67393TMl9vQuvmalAeTtHZYeV0W5pysmQuAHb', '2019-01-15 22:50:30', '2019-01-15 23:04:40', 'india');

--
-- Indexes for dumped tables
--

--
-- Indexes for table `action_type`
--
ALTER TABLE `action_type`
  ADD PRIMARY KEY (`id`);

--
-- Indexes for table `collaboration_with_group`
--
ALTER TABLE `collaboration_with_group`
  ADD PRIMARY KEY (`id`);

--
-- Indexes for table `delete_documents`
--
ALTER TABLE `delete_documents`
  ADD PRIMARY KEY (`id`);

--
-- Indexes for table `documents`
--
ALTER TABLE `documents`
  ADD PRIMARY KEY (`id`);

--
-- Indexes for table `document_permission`
--
ALTER TABLE `document_permission`
  ADD PRIMARY KEY (`id`);

--
-- Indexes for table `fav_documents`
--
ALTER TABLE `fav_documents`
  ADD PRIMARY KEY (`id`);

--
-- Indexes for table `groups`
--
ALTER TABLE `groups`
  ADD PRIMARY KEY (`id`);

--
-- Indexes for table `group_members`
--
ALTER TABLE `group_members`
  ADD PRIMARY KEY (`id`);

--
-- Indexes for table `migrations`
--
ALTER TABLE `migrations`
  ADD PRIMARY KEY (`id`);

--
-- Indexes for table `notes`
--
ALTER TABLE `notes`
  ADD PRIMARY KEY (`id`);

--
-- Indexes for table `password_resets`
--
ALTER TABLE `password_resets`
  ADD KEY `password_resets_email_index` (`email`);

--
-- Indexes for table `projects`
--
ALTER TABLE `projects`
  ADD PRIMARY KEY (`id`),
  ADD UNIQUE KEY `projects_project_slug_unique` (`project_slug`);

--
-- Indexes for table `questions`
--
ALTER TABLE `questions`
  ADD PRIMARY KEY (`id`);

--
-- Indexes for table `question_reply`
--
ALTER TABLE `question_reply`
  ADD PRIMARY KEY (`id`);

--
-- Indexes for table `reports`
--
ALTER TABLE `reports`
  ADD PRIMARY KEY (`id`);

--
-- Indexes for table `users`
--
ALTER TABLE `users`
  ADD PRIMARY KEY (`id`),
  ADD UNIQUE KEY `users_email_unique` (`email`),
  ADD UNIQUE KEY `users_phone_no_unique` (`phone_no`);

--
-- AUTO_INCREMENT for dumped tables
--

--
-- AUTO_INCREMENT for table `action_type`
--
ALTER TABLE `action_type`
  MODIFY `id` int(10) UNSIGNED NOT NULL AUTO_INCREMENT, AUTO_INCREMENT=28;

--
-- AUTO_INCREMENT for table `collaboration_with_group`
--
ALTER TABLE `collaboration_with_group`
  MODIFY `id` int(10) UNSIGNED NOT NULL AUTO_INCREMENT, AUTO_INCREMENT=169;

--
-- AUTO_INCREMENT for table `delete_documents`
--
ALTER TABLE `delete_documents`
  MODIFY `id` int(10) UNSIGNED NOT NULL AUTO_INCREMENT, AUTO_INCREMENT=55;

--
-- AUTO_INCREMENT for table `documents`
--
ALTER TABLE `documents`
  MODIFY `id` int(10) UNSIGNED NOT NULL AUTO_INCREMENT, AUTO_INCREMENT=138;

--
-- AUTO_INCREMENT for table `document_permission`
--
ALTER TABLE `document_permission`
  MODIFY `id` int(10) UNSIGNED NOT NULL AUTO_INCREMENT, AUTO_INCREMENT=3397;

--
-- AUTO_INCREMENT for table `fav_documents`
--
ALTER TABLE `fav_documents`
  MODIFY `id` int(10) UNSIGNED NOT NULL AUTO_INCREMENT, AUTO_INCREMENT=26;

--
-- AUTO_INCREMENT for table `groups`
--
ALTER TABLE `groups`
  MODIFY `id` int(10) UNSIGNED NOT NULL AUTO_INCREMENT, AUTO_INCREMENT=186;

--
-- AUTO_INCREMENT for table `group_members`
--
ALTER TABLE `group_members`
  MODIFY `id` int(10) UNSIGNED NOT NULL AUTO_INCREMENT, AUTO_INCREMENT=142;

--
-- AUTO_INCREMENT for table `migrations`
--
ALTER TABLE `migrations`
  MODIFY `id` int(10) UNSIGNED NOT NULL AUTO_INCREMENT, AUTO_INCREMENT=54;

--
-- AUTO_INCREMENT for table `notes`
--
ALTER TABLE `notes`
  MODIFY `id` int(10) UNSIGNED NOT NULL AUTO_INCREMENT, AUTO_INCREMENT=16;

--
-- AUTO_INCREMENT for table `projects`
--
ALTER TABLE `projects`
  MODIFY `id` int(10) UNSIGNED NOT NULL AUTO_INCREMENT, AUTO_INCREMENT=51;

--
-- AUTO_INCREMENT for table `questions`
--
ALTER TABLE `questions`
  MODIFY `id` int(10) UNSIGNED NOT NULL AUTO_INCREMENT, AUTO_INCREMENT=72;

--
-- AUTO_INCREMENT for table `question_reply`
--
ALTER TABLE `question_reply`
  MODIFY `id` int(10) UNSIGNED NOT NULL AUTO_INCREMENT, AUTO_INCREMENT=52;

--
-- AUTO_INCREMENT for table `reports`
--
ALTER TABLE `reports`
  MODIFY `id` int(10) UNSIGNED NOT NULL AUTO_INCREMENT, AUTO_INCREMENT=447;

--
-- AUTO_INCREMENT for table `users`
--
ALTER TABLE `users`
  MODIFY `id` int(10) UNSIGNED NOT NULL AUTO_INCREMENT, AUTO_INCREMENT=9;
COMMIT;

/*!40101 SET CHARACTER_SET_CLIENT=@OLD_CHARACTER_SET_CLIENT */;
/*!40101 SET CHARACTER_SET_RESULTS=@OLD_CHARACTER_SET_RESULTS */;
/*!40101 SET COLLATION_CONNECTION=@OLD_COLLATION_CONNECTION */;
